acc_x, acc_y, angular_z, stamp, 
-0.020781755447387695, 0.028815865516662598, 8.904596584298485e-11, 1759349656557713538, 
0.015345633029937744, 0.043029069900512695, 1.5342303103359077e-10, 1759349656588443356, 
0.033145010471343994, -0.0019537806510925293, 1.4499627983229075e-10, 1759349656618505943, 
0.016588151454925537, -0.014512956142425537, 6.530834312560696e-11, 1759349656648498930, 
-0.03393334150314331, -0.00147932767868042, 0.001282523834913791, 1759349656678568046, 
0.5403971672058105, 0.12983065843582153, 0.014438899118530477, 1759349656708599819, 
1.8019059896469116, -0.004731118679046631, 0.1073571439875108, 1759349656739627119, 
0.5393269658088684, 0.2663118839263916, 0.10711533084510945, 1759349656772009011, 
0.8702828288078308, -0.5435596704483032, 0.20997128955155295, 1759349656798888622, 
0.5967718958854675, 0.24245840311050415, 0.19776978578235374, 1759349656820061720, 
0.34173572063446045, 0.24239188432693481, 0.20245524518782046, 1759349656851402912, 
0.8406303524971008, 0.1226264238357544, 0.2952897349558718, 1759349656879312652, 
0.09487611055374146, -0.3254954218864441, 0.31660015690036747, 1759349656909145988, 
-0.07786273956298828, 0.010628461837768555, 0.31423595338192906, 1759349656939070591, 
-0.10601216554641724, 0.5420159101486206, 0.29123603096298195, 1759349656969046920, 
-0.1938711404800415, -0.2595154643058777, 0.27941023251119435, 1759349656999110505, 
0.09188300371170044, 0.008636772632598877, 0.29109917569328403, 1759349657029262797, 
-0.00388944149017334, 0.31522470712661743, 0.30045817260523533, 1759349657060065079, 
0.1570109724998474, -0.1314496397972107, 0.2724292523312138, 1759349657091754149, 
-0.24159997701644897, -0.29075247049331665, 0.29772981101652085, 1759349657121576876, 
0.20701158046722412, 0.38802212476730347, 0.3192424921938721, 1759349657150034221, 
-0.1644873023033142, 0.06381440162658691, 0.287269133051044, 1759349657180038233, 
-0.4368470311164856, -0.040947020053863525, 0.26676088299516193, 1759349657202032696, 
0.19211918115615845, 0.11675131320953369, 0.3312768489878668, 1759349657240242148, 
-0.39071887731552124, 0.45704764127731323, 0.2870962437209066, 1759349657269986158, 
0.7349995970726013, -0.5131244659423828, 0.3008098892111588, 1759349657300033036, 
-0.44145047664642334, -0.007305562496185303, 0.2906394388999886, 1759349657331312022, 
-0.18172264099121094, 0.40031325817108154, 0.2862125289879854, 1759349657362620636, 
-0.048737287521362305, -0.09044545888900757, 0.2926617769352367, 1759349657390200960, 
0.04981362819671631, -0.30007511377334595, 0.2924097783857537, 1759349657420131813, 
-0.11424535512924194, 0.36777734756469727, 0.30191540264995237, 1759349657450411452, 
0.19537073373794556, -0.07401269674301147, 0.310431289852333, 1759349657480390212, 
0.09619885683059692, -0.1148483157157898, 0.3200189150496038, 1759349657510313642, 
0.13346779346466064, 0.3436477780342102, 0.29201844314200015, 1759349657540345380, 
-0.11815494298934937, -0.11215579509735107, 0.27811551554804836, 1759349657571343337, 
0.1848854422569275, -0.08628052473068237, 0.2890852239616055, 1759349657603429336, 
0.2728411555290222, 0.3316076993942261, 0.34600369680201765, 1759349657630329639, 
-0.21262168884277344, -0.01140362024307251, 0.29268130113876706, 1759349657660499055, 
0.19547557830810547, -0.21395450830459595, 0.29659244936715634, 1759349657690284021, 
-0.09015697240829468, 0.06562703847885132, 0.3079128084118073, 1759349657720594388, 
0.18099266290664673, 0.30811572074890137, 0.2968241797611682, 1759349657750409657, 
-0.5073740482330322, -0.27869653701782227, 0.2856903782178336, 1759349657780454682, 
0.7645227909088135, -0.11763232946395874, 0.30301429634408944, 1759349657811338995, 
-0.525177538394928, 0.2959388494491577, 0.29223841922773, 1759349657843549007, 
-0.19672691822052002, -0.1391354203224182, 0.35559263996229423, 1759349657869655551, 
0.34714430570602417, -0.07235324382781982, 0.3012092920692093, 1759349657900630443, 
0.014956414699554443, 0.21265488862991333, 0.2976178892230924, 1759349657930090439, 
-0.02094978094100952, -0.16572731733322144, 0.29218020211704293, 1759349657959903897, 
-0.19032162427902222, -0.045808255672454834, 0.30092828956150713, 1759349657990802436, 
0.1958417296409607, 0.30314773321151733, 0.2879286147536087, 1759349658021026475, 
-0.13079625368118286, 0.0527721643447876, 0.27746742453365714, 1759349658052084755, 
0.26707345247268677, -0.1733960509300232, 0.29384823706987656, 1759349658083328975, 
-0.17844969034194946, 0.08801287412643433, 0.32770333048529954, 1759349658111146229, 
0.04997342824935913, 0.14206844568252563, 0.2775532231350565, 1759349658141081072, 
-0.3086225390434265, -0.01868140697479248, 0.29642003691108043, 1759349658171159922, 
0.2510913014411926, -0.05131274461746216, 0.3012307986742284, 1759349658201295546, 
-0.1844332218170166, 0.3455541729927063, 0.29329943462286995, 1759349658231349231, 
0.1457768678665161, -0.1167261004447937, 0.3001719696071462, 1759349658261312223, 
-0.01612037420272827, 0.04405391216278076, 0.31024506207588476, 1759349658291591111, 
0.05788147449493408, 0.33076298236846924, 0.2754301890184304, 1759349658323397204, 
0.2783498167991638, 0.05270099639892578, 0.2863390719281682, 1759349658354009685, 
-0.27918529510498047, -0.27465206384658813, 0.3516194771869714, 1759349658381472824, 
-0.09563428163528442, 0.45012909173965454, 0.32366562861093645, 1759349658411857237, 
-0.3029610514640808, -0.009381413459777832, 0.29282099731274225, 1759349658441574643, 
0.17497020959854126, -0.020111083984375, 0.2786585772282967, 1759349658471606019, 
0.042069077491760254, -0.11244618892669678, 0.3033870133769103, 1759349658500677196, 
0.08784836530685425, 0.4448533058166504, 0.29359713814743943, 1759349658530751313, 
-0.0664331316947937, -0.10902684926986694, 0.2563739789049556, 1759349658563806049, 
-0.029291391372680664, 0.0722893476486206, 0.2891469457055005, 1759349658594289443, 
-0.2693522572517395, 0.0036619901657104492, 0.32324869079792445, 1759349658631939324, 
0.2108033299446106, -0.047540903091430664, 0.31350103608301394, 1759349658662000933, 
-0.053255677223205566, 0.0060073137283325195, 0.29792296320198236, 1759349658692031936, 
-0.013006806373596191, 0.2237662672996521, 0.2791722539406866, 1759349658723699280, 
-0.12712639570236206, -0.16868358850479126, 0.27164388619815094, 1759349658755901447, 
0.03508669137954712, 0.0081787109375, 0.3505490828680493, 1759349658782263524, 
-0.16201597452163696, 0.2253643274307251, 0.301680936669158, 1759349658812204927, 
-0.24447894096374512, 0.043422162532806396, 0.24587299575105823, 1759349658835832422, 
0.5418463349342346, -0.11014449596405029, 0.3162999696318213, 1759349658872378124, 
-0.15774071216583252, 0.3148829936981201, 0.2985413788301471, 1759349658902794363, 
-0.10085821151733398, -0.26177191734313965, 0.312126855465839, 1759349658932547019, 
-0.2197994589805603, 0.1252819299697876, 0.27575473652876026, 1759349658963500762, 
0.1929280161857605, 0.36988669633865356, 0.2640999578095417, 1759349658994647350, 
0.06368809938430786, -0.25406432151794434, 0.29434508365320616, 1759349659022827408, 
0.09775948524475098, -0.014765143394470215, 0.2926987650224718, 1759349659052615086, 
-0.022194862365722656, 0.30805617570877075, 0.306753588833291, 1759349659082697950, 
-0.003028571605682373, 0.005762338638305664, 0.2894182632072126, 1759349659112839838, 
0.010258316993713379, -0.2842647433280945, 0.3059513217813847, 1759349659141929283, 
0.24769163131713867, 0.09596121311187744, 0.2941141981298506, 1759349659172836009, 
-0.12437903881072998, 0.4143561124801636, 0.27815209139274566, 1759349659203963100, 
0.14408338069915771, -0.24464201927185059, 0.2794448245324197, 1759349659234640134, 
0.07322990894317627, 0.03101825714111328, 0.3141689661546904, 1759349659263122258, 
-0.05348515510559082, 0.3713364601135254, 0.2879192824262964, 1759349659293020087, 
-0.18048560619354248, -0.04842197895050049, 0.27844706735679414, 1759349659323074081, 
-0.3709449768066406, -0.37554657459259033, 0.28734773851723033, 1759349659353314679, 
0.26141923666000366, 0.4475761651992798, 0.2980672809523193, 1759349659383270335, 
-0.5748903751373291, -0.24153399467468262, 0.30806050070220964, 1759349659413229769, 
-0.1804472804069519, 0.0060212016105651855, 0.3258519381008668, 1759349659443475528, 
0.3487895727157593, 0.27288818359375, 0.28929572285275285, 1759349659475500399, 
-0.29520440101623535, 0.08636248111724854, 0.2946628116021576, 1759349659503432458, 
0.00015997886657714844, -0.2562272548675537, 0.29449017971899855, 1759349659533412646, 
-0.2901659607887268, 0.19252854585647583, 0.30320297555585707, 1759349659563589505, 
-0.13443851470947266, 0.08761066198348999, 0.29380305045889243, 1759349659592743444, 
-0.22770345211029053, -0.0037067532539367676, 0.2830687988922306, 1759349659623601144, 
0.2858797311782837, -0.06063950061798096, 0.3247760786715431, 1759349659652802514, 
-0.27549850940704346, 0.43561285734176636, 0.2835053704067378, 1759349659683911006, 
0.016315221786499023, -0.30085325241088867, 0.2660704371711355, 1759349659716016702, 
-0.3469119668006897, 0.017279863357543945, 0.30784038801284463, 1759349659746425810, 
0.16556662321090698, 0.32477307319641113, 0.3225126843099886, 1759349659773819293, 
-0.12335509061813354, -0.017493486404418945, 0.2777849130020398, 1759349659803890925, 
-0.07993221282958984, -0.2853705883026123, 0.26169469167567233, 1759349659826431296, 
-0.08364778757095337, 0.45877814292907715, 0.34183598368754387, 1759349659863993491, 
-0.4734082818031311, 0.002056598663330078, 0.2945957598361418, 1759349659894067980, 
-0.11989140510559082, -0.2279929518699646, 0.28407478293181465, 1759349659924164503, 
-0.13536417484283447, -0.06911075115203857, 0.22322236231109405, 1759349659955928550, 
1.157895565032959, 0.45361077785491943, 0.23810785564944417, 1759349659987706031, 
0.13836026191711426, 0.036621928215026855, 0.3261553196197284, 1759349660014254642, 
0.06077301502227783, -0.26574623584747314, 0.30282133518947163, 1759349660044273178, 
-0.20795905590057373, 0.16161441802978516, 0.25027726495966635, 1759349660068006298, 
-0.2959802746772766, -0.015743374824523926, 0.31156845503628333, 1759349660104350501, 
0.0711718201637268, -0.06742513179779053, 0.2949493030158498, 1759349660134502885, 
0.1678323745727539, 0.2565302848815918, 0.2960085271271579, 1759349660164529842, 
0.16821438074111938, 0.05713915824890137, 0.27167748721099483, 1759349660195833310, 
-0.27861160039901733, -0.16070669889450073, 0.2702615913338226, 1759349660228269200, 
0.09823894500732422, 0.2564772963523865, 0.3401874398178724, 1759349660264761255, 
-0.2650386095046997, 0.00312197208404541, 0.29117904877509687, 1759349660294849754, 
-0.03248393535614014, -0.09000211954116821, 0.2893681118826976, 1759349660325202523, 
-0.10146951675415039, 0.3776317834854126, 0.29593241884190247, 1759349660355941849, 
-0.021938860416412354, -0.15672284364700317, 0.29121213714831573, 1759349660387628942, 
-0.41005152463912964, -0.22226732969284058, 0.34685275503905666, 1759349660415157942, 
0.2878820300102234, 0.4580860137939453, 0.31466251458426675, 1759349660455006512, 
-0.2860334515571594, 0.051252543926239014, 0.28581328064670536, 1759349660485064454, 
0.22688168287277222, -0.14946246147155762, 0.2928087528488615, 1759349660515837266, 
-0.28133970499038696, 0.3298514485359192, 0.273602292157164, 1759349660548304492, 
0.1380692720413208, 0.13864940404891968, 0.3140668403741289, 1759349660575355188, 
0.05930536985397339, -0.10909920930862427, 0.3017942299214002, 1759349660605250165, 
0.16482537984848022, 0.19581860303878784, 0.29822544618413466, 1759349660635467558, 
-0.12154752016067505, 0.22748011350631714, 0.2982099640301915, 1759349660665543956, 
-0.1582738757133484, -0.27894139289855957, 0.2911222659118862, 1759349660695439725, 
-0.0925149917602539, 0.05858415365219116, 0.30879262238879784, 1759349660725477173, 
-0.02170020341873169, 0.42589354515075684, 0.3043219533034121, 1759349660755573814, 
0.04406082630157471, -0.30244243144989014, 0.296612986903482, 1759349660786648160, 
0.1544782519340515, -0.19619107246398926, 0.28012492339879863, 1759349660818300549, 
-0.11581200361251831, 0.5352409482002258, 0.3166493695035501, 1759349660845887108, 
-0.15885049104690552, -0.20855063199996948, 0.2864743997975517, 1759349660875690894, 
-0.1397342085838318, -0.07257974147796631, 0.31125446705540044, 1759349660905879947, 
-0.23755204677581787, 0.07322639226913452, 0.30569725971182227, 1759349660935900365, 
0.34505540132522583, 0.029881656169891357, 0.28075292239583954, 1759349660965882201, 
-0.4307606816291809, -0.29226458072662354, 0.27730541082625393, 1759349660996423098, 
-0.09240394830703735, 0.19637298583984375, 0.299593777317065, 1759349661026658902, 
0.12014758586883545, 0.14033961296081543, 0.2612040105209634, 1759349661059136531, 
-0.35459452867507935, -0.16872954368591309, 0.33110595225107, 1759349661086158298, 
0.10393714904785156, -0.1778772473335266, 0.3199176739195146, 1759349661116145365, 
-0.05155003070831299, 0.339385986328125, 0.26535373223117814, 1759349661139118334, 
0.08490461111068726, -0.2335910201072693, 0.30816453353389306, 1759349661176240183, 
0.049864232540130615, -0.04202061891555786, 0.293361635162388, 1759349661206460467, 
0.243854820728302, 0.2823070287704468, 0.29298218472066595, 1759349661236399944, 
-0.305839478969574, -0.11513298749923706, 0.26980852427388885, 1759349661266648670, 
0.014118611812591553, -0.0969352126121521, 0.2555752887525396, 1759349661299949612, 
-0.21829372644424438, 0.3623027801513672, 0.3295511642789456, 1759349661326599615, 
-0.09144186973571777, -0.18999022245407104, 0.3025976383076611, 1759349661355657260, 
-0.055125415325164795, -0.2155388593673706, 0.2657867689996366, 1759349661380189707, 
0.5285210013389587, 0.3017222285270691, 0.3424250298467112, 1759349661416936539, 
0.036024510860443115, 0.09848839044570923, 0.2897927999368033, 1759349661445652087, 
0.3406446576118469, -0.2888714671134949, 0.28744844911421336, 1759349661476713740, 
0.1682436466217041, 0.2286069393157959, 0.2970864203865052, 1759349661508163734, 
-0.3702755570411682, 0.37232327461242676, 0.27680915506345855, 1759349661539763093, 
0.009901940822601318, -0.29963618516921997, 0.3395734847603468, 1759349661565999843, 
-0.25945359468460083, -0.005194127559661865, 0.3078403148150865, 1759349661597168755, 
0.20942705869674683, 0.4000474810600281, 0.3149465111411333, 1759349661627263650, 
0.15647900104522705, -0.08985692262649536, 0.29914448351855405, 1759349661657101864, 
0.1639420986175537, -0.1228596568107605, 0.30565710956148984, 1759349661687277016, 
0.01887047290802002, 0.2767881751060486, 0.3057587060538358, 1759349661717456695, 
-0.13963669538497925, -0.14393550157546997, 0.2960118828760252, 1759349661747957427, 
-0.19138681888580322, -0.23598241806030273, 0.3056812308286662, 1759349661778878257, 
-0.07703197002410889, 0.3416861891746521, 0.32437401060563664, 1759349661807488301, 
-0.11010384559631348, -0.11833405494689941, 0.2921318277592991, 1759349661837801633, 
0.056596577167510986, -0.18283241987228394, 0.3063463873921061, 1759349661867388992, 
0.003560781478881836, 0.17984920740127563, 0.3012083471483984, 1759349661897467775, 
-0.014079689979553223, 0.07686513662338257, 0.28600061688298123, 1759349661927547114, 
0.26132524013519287, -0.051777005195617676, 0.2959710228762151, 1759349661956723137, 
0.08168953657150269, 0.06618738174438477, 0.2874401544901305, 1759349661987870362, 
0.367057204246521, 0.2269917130470276, 0.27333774428689955, 1759349662020208640, 
-0.5706275701522827, -0.09361827373504639, 0.2950909517830742, 1759349662050588244, 
0.4008108973503113, 0.03878134489059448, 0.3277871692285516, 1759349662087809661, 
-0.2942959666252136, 0.3011763095855713, 0.2688974776327405, 1759349662117847825, 
0.2484661340713501, -0.3479382395744324, 0.27430973049180885, 1759349662148160926, 
0.022462308406829834, 0.17445290088653564, 0.2815674798346126, 1759349662179416351, 
0.09724736213684082, 0.2622672915458679, 0.2646396436656401, 1759349662210842720, 
-0.20475202798843384, -0.17010879516601562, 0.32196559665436375, 1759349662238068422, 
0.27460724115371704, -0.2755380868911743, 0.30117806856133933, 1759349662268109343, 
0.04143601655960083, 0.4489854574203491, 0.2701283310782892, 1759349662291328336, 
-0.027768313884735107, -0.02964186668395996, 0.33205121309776864, 1759349662318289416, 
0.06713789701461792, -0.18745487928390503, 0.3000988967870138, 1759349662348333071, 
-0.2482045292854309, -0.013109982013702393, 0.25702060641595004, 1759349662371969518, 
0.05920332670211792, 0.4277605414390564, 0.33144282138686754, 1759349662398369838, 
-0.2057000994682312, 0.005931556224822998, 0.29045694306735864, 1759349662428358080, 
0.2696770429611206, -0.25595879554748535, 0.305310077318456, 1759349662458447927, 
0.029275178909301758, 0.5972061157226562, 0.3097697373135712, 1759349662488503458, 
0.12790775299072266, -0.07315129041671753, 0.2906403512879834, 1759349662518623462, 
0.3257996439933777, -0.12169545888900757, 0.30538441354275336, 1759349662548607840, 
-0.26182621717453003, 0.09245610237121582, 0.28663388050287075, 1759349662579980678, 
-0.11789536476135254, 0.20095431804656982, 0.2692450735157545, 1759349662611627567, 
-0.3139418363571167, -0.1374838948249817, 0.3139133074624022, 1759349662648740744, 
0.21455830335617065, 0.1654963493347168, 0.31717126128621725, 1759349662678758531, 
-0.2583298087120056, 0.22532081604003906, 0.291943805557047, 1759349662708898817, 
-0.08170145750045776, -0.11039513349533081, 0.28105476624930564, 1759349662739994602, 
0.19575732946395874, 0.02097916603088379, 0.29562572702949025, 1759349662769647843, 
-0.1495509147644043, 0.2564278244972229, 0.2815591337374236, 1759349662799277041, 
-0.18314272165298462, -0.25903451442718506, 0.2944705244207503, 1759349662829119581, 
-0.1622750163078308, 0.08964747190475464, 0.31757656122141315, 1759349662859418321, 
-0.10769712924957275, 0.3466004729270935, 0.2937510279921483, 1759349662889283891, 
-0.02346092462539673, -0.17173981666564941, 0.2829038581261558, 1759349662919261574, 
0.08008241653442383, -0.16919803619384766, 0.30501269153040567, 1759349662949467377, 
-0.029652297496795654, 0.45420920848846436, 0.28967334489897184, 1759349662980502444, 
-0.11016178131103516, -0.12607401609420776, 0.27549429208748843, 1759349663010805817, 
-0.43788784742355347, -0.12821727991104126, 0.31358430806390925, 1759349663039927382, 
0.548010528087616, 0.07406985759735107, 0.32010670098951444, 1759349663069529745, 
-0.7173595428466797, 0.17879438400268555, 0.2920635014909757, 1759349663100238012, 
0.018506884574890137, -0.06868284940719604, 0.30698741106966854, 1759349663130258961, 
-0.23151755332946777, 0.33036571741104126, 0.29080886193186617, 1759349663160386610, 
0.08642423152923584, -0.033936142921447754, 0.270264700508475, 1759349663190370392, 
0.0939989686012268, 0.05500727891921997, 0.28847210761517583, 1759349663220467091, 
-0.0020436644554138184, 0.03186076879501343, 0.29921668749250174, 1759349663251697868, 
-0.11102855205535889, 0.29511356353759766, 0.3016163367378695, 1759349663282423259, 
-0.08638608455657959, -0.288707971572876, 0.3246987884721201, 1759349663320324968, 
-0.005203604698181152, 0.28101325035095215, 0.30413442247646405, 1759349663350293732, 
-0.5300186276435852, 0.033013999462127686, 0.2820650225697579, 1759349663380388093, 
-0.06725722551345825, -0.11930650472640991, 0.26595890915720477, 1759349663411834709, 
-0.012043535709381104, 0.08977293968200684, 0.26733998243419843, 1759349663442729566, 
-0.14695388078689575, -0.08809220790863037, 0.2964113971283412, 1759349663480378549, 
0.1829107403755188, -0.05708122253417969, 0.30787657662429196, 1759349663510414399, 
0.2763434648513794, 0.20245158672332764, 0.305717581806093, 1759349663540623200, 
0.029680192470550537, 0.26568150520324707, 0.28061832657808194, 1759349663571775492, 
0.1461341381072998, -0.2522064447402954, 0.2833839715108218, 1759349663604032517, 
-0.1529526710510254, 0.31105244159698486, 0.33032408747924163, 1759349663640721994, 
0.24899262189865112, 0.09941458702087402, 0.29411612049314645, 1759349663670830582, 
-0.05403536558151245, -0.11119967699050903, 0.306706837461573, 1759349663700602227, 
0.04627072811126709, -0.06646299362182617, 0.29411232364016626, 1759349663731775758, 
-0.11014771461486816, 0.35664933919906616, 0.26745372039647247, 1759349663764083270, 
-0.12212508916854858, -0.07151567935943604, 0.3327994607801867, 1759349663800738977, 
0.01790076494216919, 0.1745266318321228, 0.3069014688893359, 1759349663830892020, 
0.1152496337890625, 0.22168928384780884, 0.2942989162687357, 1759349663860806091, 
-0.001359105110168457, -0.1075560450553894, 0.28685549902414403, 1759349663891703522, 
0.04106706380844116, 0.028691589832305908, 0.302509624355209, 1759349663923933308, 
-0.02765059471130371, 0.4193495512008667, 0.3370932511112754, 1759349663951021902, 
0.00762706995010376, -0.19133776426315308, 0.28892991250336375, 1759349663980995316, 
-0.0628652572631836, -0.08521658182144165, 0.29827980515166524, 1759349664011061590, 
0.19764167070388794, 0.3596731424331665, 0.30239424368832807, 1759349664041138643, 
-0.23899239301681519, 0.07493531703948975, 0.2857775653511231, 1759349664071298389, 
0.6036996245384216, -0.10361111164093018, 0.29564992427269043, 1759349664101245267, 
-0.3601195812225342, 0.14430755376815796, 0.2977376560236283, 1759349664132167744, 
-0.14096862077713013, 0.09135991334915161, 0.2909036226986988, 1759349664163705244, 
0.24529945850372314, -0.11470967531204224, 0.3178113418681324, 1759349664191528228, 
0.0033704042434692383, 0.09372073411941528, 0.2930932437402496, 1759349664221492521, 
-0.072024405002594, 0.15430498123168945, 0.29822623011083, 1759349664251671951, 
-0.18858236074447632, -0.09134805202484131, 0.29581965477132954, 1759349664281526727, 
0.26166319847106934, -0.05860459804534912, 0.31208564043960746, 1759349664311606861, 
-0.1549479365348816, 0.35812199115753174, 0.29686242091600934, 1759349664341860358, 
0.02037787437438965, -0.15278398990631104, 0.2980436202057682, 1759349664370637926, 
-0.12052273750305176, -0.11079555749893188, 0.2614581582584143, 1759349664403805290, 
-0.15266460180282593, 0.3034095764160156, 0.30120666568997, 1759349664433650191, 
-0.05665385723114014, -0.06922715902328491, 0.31273251404170155, 1759349664471836629, 
0.09331190586090088, -0.004781603813171387, 0.29133695808589855, 1759349664501926507, 
-0.01471245288848877, 0.26734399795532227, 0.28664806639330553, 1759349664532232783, 
0.1778821349143982, 0.040094852447509766, 0.28374338193895793, 1759349664563726741, 
-0.4039357900619507, -0.09206557273864746, 0.28770479930807913, 1759349664594900679, 
0.5006517171859741, 0.29048001766204834, 0.331222714657768, 1759349664622383743, 
-0.586296558380127, -0.16254299879074097, 0.29456718276750454, 1759349664652480831, 
-0.276827871799469, 0.05474501848220825, 0.26777193267482546, 1759349664674793833, 
-0.3650771975517273, 0.03549462556838989, 0.3248268299005275, 1759349664702316133, 
-1.6661996841430664, 0.12357372045516968, 0.23912509864291231, 1759349664732486828, 
-0.9903281331062317, -0.22651493549346924, 0.1561060144594489, 1759349664762421765, 
-0.7675298452377319, -0.2508623003959656, 0.13922030096499644, 1759349664792427603, 
-0.7380822896957397, 0.3102020025253296, 0.11434521534656951, 1759349664822461661, 
-0.3383360505104065, -0.024403512477874756, 0.042905922328221886, 1759349664852483454, 
-0.23814606666564941, -0.17472636699676514, -0.023405794020028712, 1759349664884036999, 
0.29230427742004395, 0.05361396074295044, -0.01622114037099433, 1759349664916310110, 
-0.2831804156303406, 0.1955810785293579, 0.01478805455341984, 1759349664951650154, 
0.13822966814041138, -0.05419290065765381, -0.01203573099689674, 1759349664982787197, 
0.8291463851928711, 0.20761847496032715, 0.01525433986526745, 1759349665012984801, 
1.156066656112671, -0.05938887596130371, 0.14505716498583157, 1759349665044016259, 
1.1777348518371582, 0.2710775136947632, 0.12591984498227907, 1759349665075871306, 
0.6671614646911621, -0.05453360080718994, 0.1779453984863784, 1759349665102995117, 
0.5379908084869385, 0.19855403900146484, 0.22830013278422692, 1759349665132988545, 
0.08360141515731812, 0.12510943412780762, 0.2247198458799011, 1759349665156380556, 
0.843156635761261, 0.0031491518020629883, 0.3340480656601559, 1759349665193252024, 
-0.034261226654052734, 0.3019115924835205, 0.3204764488847178, 1759349665223143631, 
-0.4796043038368225, -0.006745338439941406, 0.3014903130570736, 1759349665253210893, 
-0.05792498588562012, -0.09325981140136719, 0.30374716019028536, 1759349665284250814, 
-0.20398026704788208, 0.2423335313796997, 0.30172468049091994, 1759349665315963717, 
0.11075592041015625, -0.12008345127105713, 0.3320541093028925, 1759349665353546604, 
0.21328943967819214, 0.01613783836364746, 0.31215620965855, 1759349665383599990, 
0.10369044542312622, 0.2546129822731018, 0.2874686951481031, 1759349665413458129, 
-0.05655759572982788, -0.006817519664764404, 0.27665890221448497, 1759349665444102850, 
0.09323954582214355, 0.016150593757629395, 0.29023077176646134, 1759349665476372371, 
-0.33567386865615845, 0.25698429346084595, 0.31181679164087, 1759349665513707172, 
0.5954020619392395, -0.16385000944137573, 0.30951140599001936, 1759349665543707755, 
-0.2236897349357605, -0.07052135467529297, 0.3242495465403398, 1759349665573956402, 
0.01979142427444458, 0.28386324644088745, 0.28458631980936394, 1759349665604326393, 
-0.5072340369224548, -0.08673256635665894, 0.26467740592179345, 1759349665636170372, 
0.04352927207946777, -0.25795066356658936, 0.3339033145366887, 1759349665664123068, 
-0.09028029441833496, 0.38290226459503174, 0.2945974028957281, 1759349665694039082, 
-0.061725080013275146, -0.011047601699829102, 0.27414211662893023, 1759349665723981354, 
-0.26326727867126465, -0.25899994373321533, 0.2667343688674574, 1759349665746277390, 
0.0936957597732544, 0.14426589012145996, 0.3327037155836079, 1759349665784403782, 
-0.33034396171569824, 0.21636360883712769, 0.28722069038255627, 1759349665814225141, 
-0.05131411552429199, -0.285330593585968, 0.28828848825965286, 1759349665844320893, 
-0.12151587009429932, 0.07988756895065308, 0.2844830802062894, 1759349665875885947, 
0.28526127338409424, 0.33648550510406494, 0.27900145499548856, 1759349665907245848, 
-0.09839212894439697, -0.13641709089279175, 0.3065658407438777, 1759349665944436335, 
0.4593658447265625, -0.05771869421005249, 0.3327001221697652, 1759349665973697497, 
-0.43996280431747437, 0.4086454510688782, 0.29597091959330313, 1759349666004590913, 
-0.024106383323669434, -0.30790746212005615, 0.28617669022834824, 1759349666035798537, 
0.21929877996444702, 0.33832377195358276, 0.2774011112021833, 1759349666067323465, 
-0.06568658351898193, 0.0041103363037109375, 0.32103013561001437, 1759349666094632574, 
0.038813889026641846, -0.061087727546691895, 0.27947469000123465, 1759349666125335365, 
-0.17271870374679565, -0.07223892211914062, 0.2833085914430268, 1759349666155326458, 
0.10964727401733398, 0.3615962862968445, 0.30364920798854117, 1759349666185439218, 
0.019718825817108154, -0.09989506006240845, 0.28763983960201794, 1759349666215765525, 
0.10617774724960327, 0.04781544208526611, 0.3062712946882589, 1759349666245706548, 
-0.07494449615478516, 0.33405613899230957, 0.29283935221355273, 1759349666275799662, 
0.05276656150817871, -0.2279331088066101, 0.27635981159826056, 1759349666308524926, 
-0.02600419521331787, 0.03529089689254761, 0.3085836718215218, 1759349666335458860, 
-0.20548981428146362, 0.3190133571624756, 0.27843819744956555, 1759349666365486200, 
-0.20310252904891968, -0.049443602561950684, 0.28467310445468674, 1759349666395610877, 
0.37438368797302246, -0.09973114728927612, 0.31933201775776493, 1759349666425574394, 
0.2094513177871704, 0.16016411781311035, 0.29731514399752995, 1759349666455479208, 
-0.0286598801612854, 0.4321688413619995, 0.2849743612168931, 1759349666485721538, 
0.2854192852973938, -0.25720280408859253, 0.30590572453566095, 1759349666516145146, 
-0.433562695980072, 0.11132258176803589, 0.28847761681261697, 1759349666548023466, 
0.3494488000869751, 0.29690152406692505, 0.3196416350305738, 1759349666575999080, 
-0.28577858209609985, -0.18767166137695312, 0.29271996021063595, 1759349666605692312, 
-0.034195780754089355, -0.013973593711853027, 0.2963107951097045, 1759349666635700692, 
0.23885577917099, 0.5436047911643982, 0.2933150997998699, 1759349666665790061, 
-0.02923452854156494, -0.1363084316253662, 0.30349893720254223, 1759349666695749018, 
0.15352874994277954, -0.1924806833267212, 0.3007894997198069, 1759349666725835252, 
-0.2668747901916504, 0.2905839681625366, 0.28353961964121693, 1759349666756902558, 
-0.38567662239074707, 0.00987464189529419, 0.2844106231848515, 1759349666788603686, 
-0.8245263695716858, -0.17899835109710693, 0.3268286509128377, 1759349666815989148, 
-0.976465106010437, -0.08126193284988403, 0.2389028956111678, 1759349666845961552, 
-0.700774073600769, 0.17136460542678833, 0.1526571796968267, 1759349666875923810, 
0.45879000425338745, -0.22034341096878052, 0.11015324212407686, 1759349666905992211, 
1.3738505840301514, 0.055410683155059814, 0.18857439311590787, 1759349666936100474, 
0.7023553848266602, 0.36667048931121826, 0.2776140180729556, 1759349666966294477, 
0.4781332015991211, 0.09302550554275513, 0.30145246231495654, 1759349666996163492, 
-0.24960118532180786, -0.15108489990234375, 0.29670450823017397, 1759349667027053627, 
-0.6322559118270874, -0.0588686466217041, 0.29174735336707114, 1759349667059058413, 
-0.8807663917541504, 0.036698222160339355, 0.36220110382524057, 1759349667086402521, 
0.18136072158813477, 0.08832341432571411, 0.2867150422439248, 1759349667116363672, 
-0.4518892765045166, -0.015751957893371582, 0.2446716777981532, 1759349667139483761, 
0.7372499704360962, -0.05780881643295288, 0.3340799773186961, 1759349667175776477, 
-0.33772027492523193, 0.3341233730316162, 0.28523628816080837, 1759349667206735712, 
-0.4048733711242676, -0.3032141923904419, 0.27049956913495904, 1759349667236710320, 
-0.34872740507125854, -0.021719515323638916, 0.2884471935847945, 1759349667268779121, 
0.11182385683059692, 0.2559800148010254, 0.2947199528647548, 1759349667300018119, 
-0.009381413459777832, 0.030533134937286377, 0.3178285957180416, 1759349667336737459, 
0.23746472597122192, -0.16883516311645508, 0.30945232650391286, 1759349667366778440, 
0.0960342288017273, 0.5013174414634705, 0.307232712931646, 1759349667396885969, 
-0.09352612495422363, -0.20720171928405762, 0.26964719132985804, 1759349667428036628, 
0.018782734870910645, -0.09733319282531738, 0.266988503473145, 1759349667460576940, 
-0.11213701963424683, 0.3455256223678589, 0.3410586837439069, 1759349667487044653, 
-0.026121199131011963, -0.089907705783844, 0.31740595849707964, 1759349667517040608, 
-0.003944575786590576, -0.06392323970794678, 0.3110358656916688, 1759349667547269341, 
-0.2790847420692444, 0.27770256996154785, 0.29176693258419734, 1759349667577194885, 
0.6078179478645325, -0.056882500648498535, 0.28660959009009823, 1759349667607188168, 
-0.5218925476074219, -0.12355369329452515, 0.28299129054250005, 1759349667637303871, 
-0.03042745590209961, 0.11925464868545532, 0.2985874904708036, 1759349667668156356, 
-0.08933985233306885, 0.30728858709335327, 0.27936092140903723, 1759349667700220517, 
0.16281086206436157, -0.29046332836151123, 0.3158427636809358, 1759349667727562893, 
0.20365434885025024, -0.004928529262542725, 0.2870901950077499, 1759349667757440242, 
-0.33441901206970215, 0.2716854214668274, 0.2970941526232043, 1759349667787492729, 
0.21980023384094238, -0.04354751110076904, 0.29158067913669494, 1759349667817793362, 
-0.08256512880325317, -0.014710605144500732, 0.29256159663544135, 1759349667847703612, 
0.21025747060775757, 0.2618165612220764, 0.2969577040295924, 1759349667877740465, 
-0.2002948522567749, -0.07260012626647949, 0.29773545464872925, 1759349667908918317, 
0.27850884199142456, 0.007549881935119629, 0.30218840547884396, 1759349667939946593, 
-0.09387516975402832, 0.36400169134140015, 0.308329704395546, 1759349667967860707, 
-0.19810229539871216, -0.14482015371322632, 0.2824653272770678, 1759349667998200429, 
0.048214733600616455, -0.11728519201278687, 0.29906574613066467, 1759349668027923859, 
0.0900876522064209, 0.4528910517692566, 0.3130210312027217, 1759349668058064803, 
0.03329622745513916, 0.19064772129058838, 0.30251224892936124, 1759349668088013779, 
0.10069531202316284, -0.12434929609298706, 0.3155678511856082, 1759349668118262095, 
0.23717886209487915, 0.11092817783355713, 0.3117579730315639, 1759349668148093167, 
-0.4707101583480835, 0.3885509967803955, 0.2813066950820666, 1759349668180157658, 
0.3361942172050476, -0.2824036478996277, 0.3100293841014196, 1759349668209648755, 
-0.27329325675964355, 0.05230432748794556, 0.3271731132172557, 1759349668238356898, 
0.19035053253173828, 0.4599716067314148, 0.2962124300687335, 1759349668268287161, 
-0.49553316831588745, -0.14365077018737793, 0.24775368333328437, 1759349668291496662, 
-0.5726598501205444, -0.29762792587280273, 0.2826746416721444, 1759349668328455618, 
0.8250905275344849, 0.4506732225418091, 0.22370431489361373, 1759349668358514053, 
0.7555890083312988, 0.2678505778312683, 0.25615225971910416, 1759349668388555431, 
0.2427486777305603, -0.32088565826416016, 0.28369049316306466, 1759349668420493023, 
0.6055043935775757, 0.11310571432113647, 0.3016051832048138, 1759349668452209082, 
-1.2569162845611572, 0.4152175784111023, 0.3392806804335502, 1759349668478851412, 
0.05713152885437012, -0.10218685865402222, 0.3020883684017455, 1759349668508851130, 
0.22271323204040527, -0.36991065740585327, 0.25246819024455724, 1759349668532152149, 
-0.04338717460632324, 0.4852766990661621, 0.31305073598431293, 1759349668558943736, 
0.5033774375915527, -0.012536048889160156, 0.29030864037530113, 1759349668588841063, 
-0.19317322969436646, -0.15276169776916504, 0.24796288461443936, 1759349668612442255, 
-0.4903308153152466, -0.14128023386001587, 0.3306222715350795, 1759349668649133887, 
0.4154321551322937, 0.41197317838668823, 0.29327710340749386, 1759349668679105622, 
-0.5086961984634399, -0.13605475425720215, 0.28925763855828507, 1759349668709434821, 
-0.04428434371948242, 0.13159197568893433, 0.30444354938946727, 1759349668740578868, 
0.06491309404373169, 0.41075658798217773, 0.28725832769073617, 1759349668772004976, 
-0.10328274965286255, -0.2510986924171448, 0.32358475923740443, 1759349668799344242, 
-0.004689693450927734, -0.19422674179077148, 0.2970055021905993, 1759349668829572039, 
0.09379023313522339, 0.44310176372528076, 0.3021951067458454, 1759349668859516856, 
0.1815856695175171, -4.172325134277344e-05, 0.2819291511592065, 1759349668889614119, 
-0.11093467473983765, -0.10210734605789185, 0.29115974217027135, 1759349668919611500, 
0.009745419025421143, 0.40040135383605957, 0.29245570401137794, 1759349668949550101, 
0.059569597244262695, -0.04438132047653198, 0.2793602866540596, 1759349668980094113, 
0.1092941164970398, -0.11915630102157593, 0.2722144405237141, 1759349669011990178, 
0.09914082288742065, 0.27830934524536133, 0.32384354210457555, 1759349669039984622, 
0.026309728622436523, 0.10405880212783813, 0.27498873051731626, 1759349669069755033, 
-0.3612073063850403, -0.09928774833679199, 0.29046641326012995, 1759349669099795182, 
0.003910243511199951, 0.06518596410751343, 0.31177734025957243, 1759349669129872462, 
-0.5887854695320129, 0.34421294927597046, 0.2894577524305893, 1759349669160767097, 
0.6916090250015259, -0.3576362133026123, 0.2995217577422798, 1759349669190486411, 
-0.6173288822174072, -0.0892484188079834, 0.30252693428345334, 1759349669219639261, 
-0.22500121593475342, 0.40668755769729614, 0.28953204304484453, 1759349669251659316, 
-0.027666032314300537, -0.021534085273742676, 0.3080805085817284, 1759349669282110763, 
0.2935187816619873, -0.04204845428466797, 0.3046355683399348, 1759349669320618427, 
0.10368680953979492, 0.38601505756378174, 0.2890594987372838, 1759349669350583459, 
-0.049867331981658936, -0.12042498588562012, 0.290847057173067, 1759349669380850942, 
0.07833808660507202, 0.19206446409225464, 0.2975346504965085, 1759349669412006161, 
-0.21534782648086548, 0.23003101348876953, 0.2984297623178315, 1759349669443171476, 
0.27182966470718384, -0.15639185905456543, 0.35458035264547044, 1759349669479662128, 
-0.10502159595489502, -0.034190595149993896, 0.3129843482651563, 1759349669510710607, 
0.13612061738967896, 0.28280508518218994, 0.29551929812413036, 1759349669540692064, 
-0.1399114727973938, -0.2565400004386902, 0.2757894930111755, 1759349669572421086, 
0.3285823464393616, -0.0005542635917663574, 0.272748150557116, 1759349669604093934, 
-0.23456358909606934, 0.2456722855567932, 0.32378767695915783, 1759349669630907159, 
-0.06898194551467896, 0.010102391242980957, 0.2773442332236917, 1759349669661058430, 
-0.6404122114181519, -0.408866286277771, 0.30023233841596714, 1759349669691045344, 
0.8470776081085205, 0.30391567945480347, 0.30061849715559497, 1759349669721116008, 
-0.635164737701416, 0.06262516975402832, 0.26587006173228755, 1759349669751058535, 
0.063235342502594, -0.0264320969581604, 0.2792017131547345, 1759349669780932498, 
0.26983821392059326, 0.018481910228729248, 0.30158216486772693, 1759349669812373967, 
-0.28694868087768555, 0.3173064589500427, 0.2811256001091748, 1759349669843939144, 
0.0977320671081543, -0.15064269304275513, 0.31524273505690853, 1759349669881074887, 
0.27956318855285645, 0.1348215937614441, 0.29506898330520753, 1759349669911188380, 
0.29606789350509644, 0.2929064631462097, 0.2885617648430695, 1759349669941179217, 
-0.0076569318771362305, -0.24320024251937866, 0.28289023308742584, 1759349669972069083, 
0.039429664611816406, 0.05711352825164795, 0.2856671808355359, 1759349670004382282, 
0.13483738899230957, 0.23444366455078125, 0.3412278129015325, 1759349670030362107, 
0.12435048818588257, -0.05219167470932007, 0.26685522588468746, 1759349670061400137, 
-0.23668760061264038, 0.024553120136260986, 0.2558083462908565, 1759349670084693058, 
0.15195459127426147, 0.34651488065719604, 0.326673183893734, 1759349670121524199, 
-0.2517892122268677, -0.07278746366500854, 0.2990357044143182, 1759349670151587888, 
0.22041112184524536, -0.048226118087768555, 0.3028679068720417, 1759349670181631279, 
-0.3716524839401245, 0.22131937742233276, 0.28836246333892623, 1759349670212404054, 
0.46142566204071045, -0.10752832889556885, 0.28509284895278947, 1759349670244563011, 
-0.3652644157409668, 0.03267878293991089, 0.31982857173328383, 1759349670281851740, 
-0.7506211400032043, 0.25298547744750977, 0.3026276263004917, 1759349670311845206, 
-1.40625, -0.22230947017669678, 0.2521479612897922, 1759349670341857748, 
-0.8581292629241943, -0.10659044981002808, 0.17102615075761865, 1759349670372314092, 
-0.5433907508850098, 0.21037942171096802, 0.12306556204790076, 1759349670404449372, 
-0.9551330804824829, 0.03265601396560669, 0.08177360739992783, 1759349670432092536, 
-0.00927823781967163, -0.19028687477111816, 0.010307022639946923, 1759349670462288579, 
-0.15424495935440063, 0.0660589337348938, -0.03634095115852686, 1759349670492128934, 
0.2201027274131775, 0.020352602005004883, -0.008947327861679996, 1759349670522191855, 
-0.12167143821716309, 0.04357123374938965, -0.0033994461065116337, 1759349670552420138, 
0.23233562707901, -0.016763627529144287, -0.003469056919539614, 1759349670582283794, 
-0.10148608684539795, 0.006748318672180176, -0.004670775978963341, 1759349670612368295, 
0.036660730838775635, 0.021091580390930176, 0.0023290071875551282, 1759349670643296599, 
-0.05571478605270386, 0.00991976261138916, 9.538962324937412e-05, 1759349670675465055, 
1.038692593574524, 0.23197180032730103, 0.01635892225510775, 1759349670711684607, 
1.2516729831695557, -0.08838522434234619, 0.10883608847291525, 1759349670742551074, 
0.662601888179779, 0.16765689849853516, 0.11075540332766616, 1759349670772739318, 
0.9816281795501709, -0.01404726505279541, 0.16904054837074609, 1759349670804047379, 
-0.04405444860458374, 0.27144575119018555, 0.21244246292397848, 1759349670836084217, 
0.7450008392333984, -0.07922828197479248, 0.3029140318483932, 1759349670863274176, 
0.3976095914840698, 0.24246889352798462, 0.32250973731049504, 1759349670892856330, 
-0.4055200219154358, -0.11141049861907959, 0.3481332058501782, 1759349670952920294, 
-0.2847365140914917, 0.0389978289604187, 0.2837338831285175, 1759349671023092209, 
0.04370087385177612, -0.0035195350646972656, 0.3106090715998423, 1759349671063093813, 
0.3712848424911499, 0.3444622755050659, 0.3163361151633097, 1759349671093338966, 
-0.3713803291320801, -0.0756981372833252, 0.29175703029233274, 1759349671124322442, 
0.5083643794059753, -0.28679823875427246, 0.30582642864204745, 1759349671156350242, 
-0.4132554531097412, 0.19115978479385376, 0.34356370031249445, 1759349671183365183, 
-0.06497704982757568, 0.06143909692764282, 0.28586304686536396, 1759349671213309087, 
0.2593585252761841, -0.23709136247634888, 0.2453966744212876, 1759349671236736784, 
0.09052777290344238, 0.09892058372497559, 0.3188151865656089, 1759349671273494595, 
-0.6822127103805542, 0.08569490909576416, 0.2690298510221601, 1759349671303610689, 
-1.265252709388733, -0.13760238885879517, 0.21216337104686783, 1759349671333556571, 
-1.1214863061904907, -0.40213602781295776, 0.16037023973192482, 1759349671364478371, 
-0.4906790256500244, 0.14006775617599487, 0.1259098007499633, 1759349671396099648, 
-0.7646704316139221, 0.025025486946105957, 0.07283942897242568, 1759349671424215102, 
-0.7436460256576538, -0.22253954410552979, 0.0070466006302915335, 1759349671454023477, 
-0.2272329330444336, 0.05167818069458008, -0.0012732465181466838, 1759349671483860625, 
0.542302668094635, 0.14230471849441528, 0.0036469945578200464, 1759349671513919570, 
1.7046154737472534, 0.31860804557800293, 0.0428627833582593, 1759349671544044530, 
1.150388240814209, -0.036745429039001465, 0.12883698115590284, 1759349671574205107, 
0.6351029276847839, -0.06729477643966675, 0.181810487341985, 1759349671604359531, 
0.7958253622055054, 0.2340315580368042, 0.22496296952596878, 1759349671636176884, 
0.6793548464775085, 0.1365818977355957, 0.25152993784001776, 1759349671664514688, 
0.3266485929489136, -0.08636701107025146, 0.27743921016578976, 1759349671694328861, 
-0.03804689645767212, 0.013583898544311523, 0.31620151397939666, 1759349671724264671, 
-0.4091107249259949, 0.040934979915618896, 0.2899807481059897, 1759349671747281696, 
-0.13484853506088257, 0.39578258991241455, 0.34897629233078215, 1759349671774612018, 
-0.25418978929519653, -0.28150802850723267, 0.30071967458373733, 1759349671804449576, 
-0.13132232427597046, -0.13441938161849976, 0.2732501666243891, 1759349671826310287, 
-0.14973270893096924, 0.08366787433624268, 0.3076312732803066, 1759349671854465024, 
0.6115334033966064, 0.38090234994888306, 0.2678520433745786, 1759349671884485002, 
-0.14118289947509766, -0.2752682566642761, 0.22489374928608918, 1759349671907244713, 
-0.2385728359222412, -0.17517143487930298, 0.3195166998924173, 1759349671934954061, 
0.3171446919441223, 0.24947720766067505, 0.3297779056818205, 1759349671963673952, 
-0.47934359312057495, 0.07181894779205322, 0.29863071898705457, 1759349671994685603, 
0.31321442127227783, -0.1839885115623474, 0.31479424990143, 1759349672024920093, 
-0.18612492084503174, 0.2216503620147705, 0.3301654270639261, 1759349672054764570, 
0.3460701107978821, 0.022880733013153076, 0.2864187635759392, 1759349672085084967, 
-0.0270082950592041, -0.22474926710128784, 0.28567681850553694, 1759349672116328074, 
0.08622926473617554, 0.0039711594581604, 0.2976474176426676, 1759349672148240237, 
-0.21299421787261963, 0.11102074384689331, 0.3323777428406373, 1759349672185017759, 
0.3959529995918274, -0.11890017986297607, 0.29489263925390646, 1759349672215048975, 
-0.18808919191360474, 0.1244773268699646, 0.3111310262654531, 1759349672245116622, 
0.06213080883026123, 0.26009440422058105, 0.28077870008005545, 1759349672276547236, 
-0.3093055486679077, -0.1562013030052185, 0.26631346626038627, 1759349672308355952, 
0.5430497527122498, -0.0960315465927124, 0.3216628501527459, 1759349672335373787, 
0.06942319869995117, 0.428438663482666, 0.29946427326732583, 1759349672365310445, 
0.4826970100402832, -0.1264621615409851, 0.2955543167642965, 1759349672395571593, 
0.005907297134399414, 0.02709054946899414, 0.30168097972827623, 1759349672425603796, 
-0.3124983310699463, 0.2004411816596985, 0.2985661712846423, 1759349672455475765, 
-0.15524786710739136, -0.09131395816802979, 0.2992591960048289, 1759349672484490674, 
-0.11461389064788818, -0.012290537357330322, 0.2749600710740523, 1759349672516567629, 
0.15005344152450562, 0.3179287314414978, 0.28947784992318815, 1759349672548319572, 
0.3201103210449219, 0.03445678949356079, 0.3292196700666285, 1759349672575740260, 
0.1775122880935669, -0.07825565338134766, 0.2910583688516022, 1759349672605731402, 
0.1136046051979065, 0.08188599348068237, 0.29448916959059585, 1759349672635877234, 
-0.37346237897872925, 0.1475643515586853, 0.3010292504944481, 1759349672665843645, 
0.12838953733444214, -0.24060261249542236, 0.30678237201794784, 1759349672695942733, 
-0.023100435733795166, 0.06500279903411865, 0.2955784686187927, 1759349672725978070, 
0.26431941986083984, 0.28302305936813354, 0.2757972731506794, 1759349672756507423, 
-0.3000209331512451, -0.15972888469696045, 0.2726483538875011, 1759349672788328706, 
0.39614492654800415, -0.04804205894470215, 0.3185806832106938, 1759349672816147589, 
-0.31347036361694336, 0.3118910789489746, 0.2887323025621198, 1759349672846143162, 
0.10421633720397949, -0.1846557855606079, 0.2752456733196819, 1759349672876204061, 
-0.7820724248886108, -0.2756187915802002, 0.30284590042805865, 1759349672906230501, 
0.7633382081985474, 0.2764713168144226, 0.3095328468189684, 1759349672936272799, 
-0.8123723864555359, 0.056494295597076416, 0.2891378322602945, 1759349672966357517, 
0.08530718088150024, -0.2924611568450928, 0.3031067676382894, 1759349672996589444, 
0.006756126880645752, 0.22451931238174438, 0.28294082510254354, 1759349673029203723, 
0.09944158792495728, 0.24862366914749146, 0.29219228976025946, 1759349673058856468, 
-0.14713042974472046, -0.14244163036346436, 0.30583418349093605, 1759349673096743305, 
0.3503006100654602, 0.0713685154914856, 0.294252426726251, 1759349673116718169, 
-0.14968973398208618, 0.15680992603302002, 0.3012511379180227, 1759349673156853482, 
0.21905666589736938, -0.18511199951171875, 0.2955751179435395, 1759349673188304117, 
-0.22185486555099487, 0.21700048446655273, 0.28529587080773583, 1759349673219702994, 
-0.028254926204681396, -0.028798341751098633, 0.31635882035431023, 1759349673246926859, 
-0.0853191614151001, -0.05144774913787842, 0.308344216475074, 1759349673276889743, 
0.19639086723327637, 0.058593809604644775, 0.30118860280177234, 1759349673306940575, 
-0.0323215126991272, 0.3167272210121155, 0.2931771606771479, 1759349673336944030, 
0.03149968385696411, -0.28771013021469116, 0.30937064397742897, 1759349673367119803, 
0.06563770771026611, 0.1687449812889099, 0.3084530312023207, 1759349673397050749, 
-0.3300115466117859, 0.35289132595062256, 0.2832269397573551, 1759349673428305201, 
0.5320831537246704, -0.34927797317504883, 0.27119967492981295, 1759349673460245493, 
-0.15295404195785522, -0.0373685359954834, 0.3176890868740452, 1759349673497489597, 
-0.01604461669921875, 0.3903381824493408, 0.30303347275200077, 1759349673527294350, 
-0.28225982189178467, -0.06907486915588379, 0.2828954393934851, 1759349673557626998, 
0.17318177223205566, 0.041370272636413574, 0.29025655487571456, 1759349673588710683, 
0.248066246509552, 0.311414897441864, 0.2807936513010443, 1759349673620782559, 
0.007418632507324219, -0.130276620388031, 0.299084966430508, 1759349673656733380, 
-0.13694548606872559, -0.17961007356643677, 0.28951759162298574, 1759349673687728820, 
0.15457487106323242, 0.4702359437942505, 0.317062287917755, 1759349673716666069, 
-0.4136459231376648, -0.16618263721466064, 0.27215198568827426, 1759349673748750440, 
0.1502913236618042, -0.17560452222824097, 0.28726234876151024, 1759349673780478719, 
-0.13789516687393188, 0.2948979139328003, 0.32750328966924747, 1759349673807814727, 
-0.033966660499572754, 0.10942047834396362, 0.2647458325819904, 1759349673838083458, 
-0.023278653621673584, -0.32150864601135254, 0.27668784619009484, 1759349673867916434, 
0.047273337841033936, 0.19968271255493164, 0.29359074138201363, 1759349673898084370, 
-0.0373455286026001, 0.013086259365081787, 0.30708060289084016, 1759349673928019866, 
-0.22291135787963867, 0.038773179054260254, 0.3182853169499502, 1759349673958031457, 
0.3125073313713074, 0.0866745114326477, 0.3042640398064566, 1759349673988756004, 
-0.3188256621360779, 0.42084550857543945, 0.2756553660796367, 1759349674020254065, 
0.20668429136276245, -0.3427366614341736, 0.2924600063179364, 1759349674050934873, 
-0.08672285079956055, 0.2092633843421936, 0.3127584499391752, 1759349674088552788, 
-0.029100000858306885, 0.1904628872871399, 0.28659573762512514, 1759349674118362693, 
-0.07019460201263428, -0.14684611558914185, 0.3079384530030751, 1759349674148382996, 
0.23031747341156006, 0.02586197853088379, 0.2939209957745284, 1759349674181008967, 
-0.023684203624725342, 0.3798450231552124, 0.29930377050246515, 1759349674211575541, 
-0.11915361881256104, -0.15378373861312866, 0.34547462780158195, 1759349674237671167, 
-0.19868731498718262, -0.12920689582824707, 0.30728523214976516, 1759349674267546967, 
0.005996763706207275, 0.32051771879196167, 0.26941660137550943, 1759349674298699108, 
-0.2193359136581421, -0.0055577754974365234, 0.2899217148458678, 1759349674327671787, 
0.07135528326034546, -0.1961643099784851, 0.29288591905196937, 1759349674358742135, 
0.15315663814544678, 0.39583271741867065, 0.2929902621822505, 1759349674389047902, 
-0.010739147663116455, 0.05436152219772339, 0.2786098841651934, 1759349674420353544, 
-0.0011261701583862305, -0.2257765531539917, 0.279514433740578, 1759349674452455545, 
-0.12466979026794434, 0.3651500940322876, 0.34444749079658726, 1759349674479247829, 
0.37186795473098755, 0.1194879412651062, 0.2892156269145872, 1759349674509069250, 
-0.6412259936332703, -0.054367899894714355, 0.24003007820771427, 1759349674532057390, 
-0.02720409631729126, -0.11688190698623657, 0.33496384416569525, 1759349674559090205, 
0.017096400260925293, 0.41059207916259766, 0.3142180261927619, 1759349674589090181, 
0.07888215780258179, 0.026047885417938232, 0.301263998762991, 1759349674619133211, 
0.15842276811599731, -0.1511872410774231, 0.29878352399937064, 1759349674649236962, 
-0.07165831327438354, 0.24110758304595947, 0.29181682127881753, 1759349674679240068, 
-0.09847718477249146, -0.09100598096847534, 0.29104375109805375, 1759349674709377712, 
-0.06742441654205322, 0.09627151489257812, 0.2956658515566624, 1759349674741002786, 
0.18842452764511108, 0.2856796383857727, 0.28645683175018494, 1759349674772271850, 
-0.16994988918304443, 0.019751787185668945, 0.31246298493762303, 1759349674799872949, 
0.34661030769348145, -0.10435980558395386, 0.3020361141615291, 1759349674829580366, 
-0.13694840669631958, 0.26095306873321533, 0.30720651468696647, 1759349674859689835, 
0.19183212518692017, 0.0912637710571289, 0.280929685894241, 1759349674889851990, 
-0.3359448313713074, -0.07496041059494019, 0.2759159614897061, 1759349674919762420, 
0.47635746002197266, -0.0370783805847168, 0.30011113340544704, 1759349674949922628, 
0.009244084358215332, 0.42459720373153687, 0.31863763949007584, 1759349674979636402, 
0.39816081523895264, -0.05241119861602783, 0.26940247590557964, 1759349675012838241, 
-0.05366605520248413, 0.03657937049865723, 0.31806782011148643, 1759349675039963467, 
-0.08507877588272095, 0.19658362865447998, 0.28274197591635075, 1759349675070146171, 
0.2336137890815735, 0.04814106225967407, 0.29948826506207404, 1759349675099980127, 
-0.16334396600723267, -0.1595354676246643, 0.31220301436903314, 1759349675130051464, 
0.1844487190246582, 0.4501906633377075, 0.3075041428333972, 1759349675160046319, 
0.09609150886535645, -0.13310718536376953, 0.2787091681901802, 1759349675191086423, 
0.18938052654266357, 0.008641719818115234, 0.29582587836992036, 1759349675220937514, 
0.19308209419250488, -0.02992427349090576, 0.2889802510517594, 1759349675252465363, 
-0.06750845909118652, 0.2102920413017273, 0.3053772267863486, 1759349675282893050, 
-0.22393983602523804, -0.2664766311645508, 0.304396343492735, 1759349675320867355, 
0.15176725387573242, 0.2375972867012024, 0.2896126045342674, 1759349675350927853, 
-0.31950557231903076, 0.050565361976623535, 0.2874746290722448, 1759349675381086626, 
0.31199902296066284, 0.17503982782363892, 0.2807796885288343, 1759349675412552826, 
0.37532198429107666, -0.018832802772521973, 0.2936242071337978, 1759349675443068723, 
-0.1652262806892395, -0.05784386396408081, 0.30958940424057774, 1759349675480937628, 
-0.2076745629310608, -0.12342268228530884, 0.2971543003766641, 1759349675510974943, 
0.6807619333267212, 0.0871506929397583, 0.3062959155245158, 1759349675540990383, 
-0.49768561124801636, 0.17396330833435059, 0.2757665573254317, 1759349675572344181, 
-0.22304487228393555, -0.19010180234909058, 0.2749030878409579, 1759349675603825156, 
0.3661952614784241, 0.016403913497924805, 0.32960562840746227, 1759349675631090662, 
-0.15665298700332642, 0.3371639847755432, 0.2808681675900455, 1759349675661104171, 
0.20646166801452637, -0.16105717420578003, 0.2877049801871567, 1759349675691548757, 
0.12279760837554932, 0.015082240104675293, 0.3071696326170851, 1759349675721172794, 
0.18526023626327515, 0.2738829255104065, 0.2765878466842322, 1759349675751285978, 
-0.16589665412902832, -0.08332645893096924, 0.2786273649842243, 1759349675781302625, 
-0.11342084407806396, -0.09878867864608765, 0.29243660840647345, 1759349675812374058, 
-0.2697158455848694, 0.20851808786392212, 0.2763954771737859, 1759349675845143179, 
0.09213155508041382, 0.08071142435073853, 0.3341776575868475, 1759349675871511545, 
0.08818775415420532, -0.1002272367477417, 0.32787870619641307, 1759349675901738152, 
0.19814050197601318, 0.4410220980644226, 0.3120094486474855, 1759349675931589817, 
0.0700829029083252, 0.14924854040145874, 0.29225971094239783, 1759349675961697470, 
0.3072126507759094, -0.2481456995010376, 0.3071969261439158, 1759349675991504723, 
0.045956552028656006, 0.19221645593643188, 0.312416653707899, 1759349676021560111, 
0.31585949659347534, 0.3542739152908325, 0.30452212674057333, 1759349676051644501, 
-0.08433741331100464, -0.04574990272521973, 0.2624236214529542, 1759349676085088890, 
-0.14502733945846558, -0.021154463291168213, 0.32008792251225565, 1759349676111782539, 
0.3792917728424072, 0.29471462965011597, 0.28994286908700423, 1759349676141880143, 
-0.3813720941543579, -0.11607420444488525, 0.305939037704253, 1759349676171805780, 
0.3383612632751465, 0.08491325378417969, 0.3136273304325305, 1759349676201890309, 
-0.006209135055541992, 0.27258390188217163, 0.3024453336097698, 1759349676231967356, 
0.3696603775024414, 0.02724546194076538, 0.2845977880815303, 1759349676262000959, 
-0.023078858852386475, -0.2670947313308716, 0.29107900991217633, 1759349676293054315, 
0.18793702125549316, 0.45703935623168945, 0.28953442767522397, 1759349676324379567, 
-0.1395898461341858, -0.23095369338989258, 0.30422783044260715, 1759349676352182562, 
0.22753602266311646, 0.03635042905807495, 0.29422470079632757, 1759349676382121455, 
0.0733993649482727, -0.007067978382110596, 0.2972231737048985, 1759349676412364678, 
-0.17490226030349731, 0.18084478378295898, 0.29838908495274646, 1759349676442274641, 
-0.32123029232025146, -0.28097856044769287, 0.28143105630487053, 1759349676472334307, 
0.343564510345459, 0.0633859634399414, 0.31008207065484256, 1759349676502395681, 
-0.497553288936615, 0.025820255279541016, 0.28646934897096404, 1759349676532694407, 
-0.5631701350212097, -0.15113383531570435, 0.2974540172588028, 1759349676563653487, 
0.9333334565162659, -0.04125016927719116, 0.31069737766828615, 1759349676593648391, 
-0.6391711235046387, 0.2445726990699768, 0.3066387257389755, 1759349676622584929, 
0.08828473091125488, -0.25471359491348267, 0.31921315525016997, 1759349676651724826, 
0.02142864465713501, -0.1122889518737793, 0.3209223165690248, 1759349676681652344, 
-0.028093934059143066, 0.2829717993736267, 0.292513127368947, 1759349676712913574, 
-0.1029711365699768, -0.023238182067871094, 0.28320469454388264, 1759349676742855253, 
-0.09290063381195068, -0.37297773361206055, 0.2904939472969212, 1759349676772835193, 
0.02508336305618286, 0.4143427610397339, 0.28658865682070817, 1759349676804792826, 
-0.11281055212020874, -0.005620300769805908, 0.2901004861049364, 1759349676836071597, 
0.02279418706893921, -0.14529746770858765, 0.32747914353818425, 1759349676863080793, 
-0.2779806852340698, -0.017473280429840088, 0.29171524281903255, 1759349676893168644, 
-0.02689659595489502, 0.34122323989868164, 0.2593457244926155, 1759349676916506721, 
-0.346002459526062, -0.11983424425125122, 0.3136680615828441, 1759349676953339309, 
-1.3975821733474731, -0.17863070964813232, 0.261807258650294, 1759349676983270059, 
-0.9865449070930481, 0.23291808366775513, 0.19249764246360743, 1759349677013252997, 
-0.7049456238746643, -0.44117414951324463, 0.13829350893855344, 1759349677044359668, 
-0.6656830310821533, -0.11664283275604248, 0.07873440504983979, 1759349677076359827, 
-0.5570510029792786, -0.013894081115722656, 0.0453340479576305, 1759349677113431481, 
-0.014485597610473633, -0.0685347318649292, -0.034077678021058204, 1759349677143848590, 
0.3902897238731384, -0.12385082244873047, -0.029662626230390815, 1759349677173473576, 
0.20668107271194458, 0.10191702842712402, 0.0166620023772276, 1759349677204591858, 
1.7169365882873535, 0.24699091911315918, 0.11147238345111107, 1759349677236371329, 
1.2917925119400024, 0.2021961808204651, 0.14190875479860338, 1759349677273771599, 
0.49936753511428833, -0.25212472677230835, 0.18519275845382105, 1759349677303783076, 
0.32489824295043945, 0.32661324739456177, 0.22512798216827995, 1759349677334137117, 
1.057891845703125, 0.2608616352081299, 0.2519870453791104, 1759349677364972237, 
-0.520389199256897, -0.28877532482147217, 0.3036531550145163, 1759349677396625463, 
-0.008983373641967773, -0.023384571075439453, 0.39350414587423527, 1759349677424002430, 
-0.5171410441398621, 0.3685344457626343, 0.3460867735437391, 1759349677454041212, 
-0.08763927221298218, -0.17595750093460083, 0.3110582589847477, 1759349677484064536, 
-0.07419764995574951, -0.11414694786071777, 0.294279777193186, 1759349677514309000, 
0.3108152747154236, 0.4117123484611511, 0.2850428855995571, 1759349677544158890, 
0.05601543188095093, -0.10518831014633179, 0.2866191954626454, 1759349677574193341, 
-0.11854487657546997, -0.092174232006073, 0.30698353865289296, 1759349677604397154, 
0.11694848537445068, 0.2794190049171448, 0.2890575800394891, 1759349677636818834, 
-0.08945906162261963, -0.0245589017868042, 0.30675522608745553, 1759349677664740411, 
-0.16308528184890747, -0.16827422380447388, 0.2883505687394122, 1759349677694403356, 
-1.112589955329895, 0.056317687034606934, 0.2457594269266051, 1759349677724535179, 
-1.290632724761963, -0.2308124303817749, 0.18316993979960944, 1759349677754586208, 
-0.9629218578338623, 0.018188059329986572, 0.1410641823282494, 1759349677783726636, 
-0.6199960708618164, -0.13061773777008057, 0.10849716131060383, 1759349677813663792, 
-0.5833117365837097, -0.18786472082138062, 0.055468380125280096, 1759349677843668901, 
-0.03961372375488281, 0.12121081352233887, 0.0010867728886173385, 1759349677877012468, 
0.33966678380966187, 0.02689439058303833, -0.011048075520186622, 1759349677907436416, 
2.152924060821533, 0.24815857410430908, 0.02913303342413336, 1759349677935106164, 
0.2498018741607666, 0.021747708320617676, 0.12205275213088808, 1759349677964890001, 
1.2589473724365234, -0.17349165678024292, 0.15403434461959042, 1759349677987513861, 
0.9967311024665833, 0.3267742395401001, 0.20620953898715957, 1759349678014942849, 
0.39195024967193604, 0.17019492387771606, 0.21123909744966543, 1759349678045128512, 
0.6510244607925415, -0.23033958673477173, 0.25102892864897663, 1759349678075270857, 
0.47048085927963257, 0.014114558696746826, 0.3240140371260477, 1759349678105147897, 
-0.1951735019683838, 0.3346080183982849, 0.3188766774608835, 1759349678135188404, 
-0.6762423515319824, 0.17726755142211914, 0.28219143580197115, 1759349678165220726, 
-0.38285988569259644, -0.4544479250907898, 0.26986569016517753, 1759349678196407627, 
0.14061623811721802, 0.5208088159561157, 0.2734841909958285, 1759349678228797139, 
0.22279173135757446, -0.06077069044113159, 0.33416109596679694, 1759349678255412281, 
0.2967417240142822, 0.02930009365081787, 0.31631713978282505, 1759349678285461738, 
-0.03629910945892334, -0.07797473669052124, 0.2672916698281473, 1759349678309080717, 
-0.15626198053359985, 0.20750463008880615, 0.3474878887942574, 1759349678334702956, 
0.10023289918899536, -0.147904634475708, 0.28540910570262185, 1759349678365586856, 
-0.14996910095214844, 0.03634238243103027, 0.30806310779939927, 1759349678394766268, 
0.06391173601150513, 0.3180432915687561, 0.29567958115788584, 1759349678425684533, 
-0.294419527053833, -0.0546572208404541, 0.3131130915384047, 1759349678454653269, 
0.08470416069030762, -0.14697569608688354, 0.300158817560383, 1759349678484778896, 
-0.07936429977416992, 0.27315694093704224, 0.29860358008725996, 1759349678514653819, 
0.12373316287994385, -0.07246452569961548, 0.24819976701275423, 1759349678549030596, 
-0.33277153968811035, -0.08111655712127686, 0.3260673268105777, 1759349678576266862, 
0.5663716793060303, 0.14460837841033936, 0.29853383747382634, 1759349678606134417, 
-0.24702614545822144, 0.04817032814025879, 0.2926472615139522, 1759349678636415945, 
-0.10983824729919434, -0.4233112931251526, 0.30335006422710953, 1759349678666210202, 
0.12216341495513916, 0.11424553394317627, 0.2950574080437437, 1759349678696222959, 
-0.24786114692687988, 0.3056524991989136, 0.2786767472325863, 1759349678726348381, 
-0.13041824102401733, -0.32010287046432495, 0.285242125842702, 1759349678757043841, 
-0.14139634370803833, 0.24769198894500732, 0.27748868408858884, 1759349678789001077, 
-0.2464473843574524, 0.2792345881462097, 0.3356678845549507, 1759349678816509773, 
0.06816351413726807, -0.19578254222869873, 0.3014906196897207, 1759349678846378313, 
0.07461929321289062, -0.1580544114112854, 0.26416634094413355, 1759349678868975943, 
-0.24676799774169922, 0.31871700286865234, 0.3393601137350567, 1759349678896524006, 
-0.04262411594390869, -0.14480119943618774, 0.3038925419714506, 1759349678926572642, 
-0.03274250030517578, -0.10615688562393188, 0.29538767318658926, 1759349678956769981, 
0.28150391578674316, 0.17390131950378418, 0.29776836090058223, 1759349678985778992, 
-0.030614376068115234, 0.20417064428329468, 0.29230141926742326, 1759349679016678739, 
-0.06900274753570557, -0.2938818335533142, 0.3104983689476289, 1759349679046707607, 
-0.004355907440185547, 0.16576993465423584, 0.3179605364569584, 1759349679076750568, 
-0.2964481711387634, 0.28677231073379517, 0.27807299101751315, 1759349679109575402, 
0.5546528697013855, -0.15191799402236938, 0.2916841183676509, 1759349679139838683, 
-0.2837563753128052, 0.014603257179260254, 0.30901979961178216, 1759349679177249087, 
0.2515801191329956, 0.25673216581344604, 0.3008531641075481, 1759349679207017747, 
-0.6211121082305908, -0.1575825810432434, 0.30295577824889014, 1759349679237081290, 
0.5317527055740356, -0.1022527813911438, 0.2907118328053385, 1759349679268794996, 
-0.05901402235031128, 0.3353945016860962, 0.2749225762221514, 1759349679299968393, 
0.3241158723831177, -0.049973905086517334, 0.3040858954076563, 1759349679327589682, 
-0.2721330523490906, -0.24085354804992676, 0.30016694606473493, 1759349679357240180, 
0.20245367288589478, 0.23662513494491577, 0.2805034565348751, 1759349679387262572, 
-0.25524210929870605, -0.13273578882217407, 0.2789154749204313, 1759349679417305575, 
0.2712615728378296, -0.08751481771469116, 0.29030578449081745, 1759349679447358499, 
0.1161767840385437, 0.15183603763580322, 0.29680113508732153, 1759349679477469552, 
0.14545989036560059, 0.053014159202575684, 0.27542543874197195, 1759349679508874788, 
-0.043924570083618164, -0.13605469465255737, 0.2852816221718252, 1759349679539646408, 
-0.1736547350883484, 0.04201936721801758, 0.3259871227123267, 1759349679567713051, 
0.12347859144210815, 0.1819738745689392, 0.30656560737146915, 1759349679596669180, 
-0.5200548768043518, -0.041998982429504395, 0.27717499657445926, 1759349679627804943, 
0.6856513619422913, -0.2366427183151245, 0.31254951658475066, 1759349679657916107, 
-0.47934621572494507, 0.3295653462409973, 0.30230228807280335, 1759349679687905576, 
0.08551889657974243, -0.08329516649246216, 0.300561580867294, 1759349679717122303, 
-0.14400243759155273, -0.05469733476638794, 0.2780701043211294, 1759349679749139595, 
-0.0765886902809143, 0.2488948106765747, 0.2865198626695589, 1759349679781037623, 
0.07001984119415283, -0.16396474838256836, 0.31973658856372655, 1759349679818053526, 
0.041919827461242676, -0.0822594165802002, 0.2991758392650772, 1759349679848243456, 
0.02178424596786499, 0.23718440532684326, 0.30827314623285235, 1759349679878299642, 
-0.2130599021911621, -0.021023690700531006, 0.28142821617580066, 1759349679908996590, 
0.23307013511657715, -0.08123797178268433, 0.2833603105156637, 1759349679941036786, 
0.06975805759429932, 0.17478126287460327, 0.3300302450681262, 1759349679968387133, 
0.06901627779006958, 0.08401590585708618, 0.2908170995169533, 1759349679998437336, 
-0.027172565460205078, -0.16101998090744019, 0.3029732186687351, 1759349680028386805, 
0.10415792465209961, 0.08997660875320435, 0.29983667327920727, 1759349680058495735, 
-0.08334755897521973, 0.21361464262008667, 0.27699159472410073, 1759349680088597226, 
0.04897278547286987, -0.12744730710983276, 0.29154298315079075, 1759349680118597415, 
-0.38595908880233765, 0.09553521871566772, 0.2999342275613277, 1759349680149001242, 
0.4285387396812439, 0.1067962646484375, 0.2840943842541451, 1759349680180987163, 
-0.5628480911254883, -0.17408335208892822, 0.3047855424215655, 1759349680211456316, 
0.31306779384613037, 0.03928232192993164, 0.34121880681807765, 1759349680239030365, 
-0.12387728691101074, 0.2586021423339844, 0.30023556408086977, 1759349680268759369, 
0.3569105267524719, -0.34769880771636963, 0.28968217300974974, 1759349680298859339, 
-0.0078018903732299805, -0.13098859786987305, 0.3192690092115224, 1759349680327912843, 
0.13291293382644653, 0.45764994621276855, 0.2805649287670201, 1759349680358951391, 
-0.36834973096847534, -0.19268274307250977, 0.29462647545810405, 1759349680389176437, 
0.1842089295387268, -0.03544294834136963, 0.2991572206289795, 1759349680420627274, 
-0.03551638126373291, 0.1740715503692627, 0.2919606603184125, 1759349680452419370, 
0.149383544921875, -0.21384423971176147, 0.3092554604410854, 1759349680489195708, 
-0.027844488620758057, 0.04028606414794922, 0.29635340902760465, 1759349680519244398, 
0.29719704389572144, 0.13858848810195923, 0.28409584606498695, 1759349680549298830, 
-0.27611154317855835, 0.06685233116149902, 0.26685054879032755, 1759349680581613158, 
0.07680481672286987, -0.14842772483825684, 0.286514423947387, 1759349680612838159, 
-0.16773468255996704, 0.2602982521057129, 0.33891729797718184, 1759349680639533055, 
-0.23916000127792358, -0.20357894897460938, 0.28177901688217216, 1759349680679485234, 
0.31869155168533325, 0.017847537994384766, 0.30093467313006195, 1759349680709538237, 
-0.19774597883224487, 0.2233639359474182, 0.2877699075060765, 1759349680740852505, 
-0.30974751710891724, 0.04283946752548218, 0.2731526045744326, 1759349680773040111, 
-0.17369341850280762, -0.06665724515914917, 0.3070458678651119, 1759349680799948049, 
0.02511584758758545, 0.11427003145217896, 0.2899158077258378, 1759349680829877242, 
0.08344340324401855, 0.05850917100906372, 0.2947579608211631, 1759349680859885626, 
-0.26496440172195435, 0.11216801404953003, 0.3098569077534325, 1759349680890012640, 
0.038340985774993896, -0.022955477237701416, 0.3329465727804779, 1759349680918906421, 
-0.09372872114181519, 0.3534435033798218, 0.28329487071819415, 1759349680949980106, 
0.09598386287689209, -0.24592691659927368, 0.2847970147562439, 1759349680980852926, 
-0.11357098817825317, 0.022466421127319336, 0.2942338684802843, 1759349681012959105, 
0.3200477361679077, 0.43050700426101685, 0.34375091861061524, 1759349681040247916, 
-0.32087063789367676, -0.002492547035217285, 0.2909381929157074, 1759349681070239106, 
0.07957303524017334, -0.33459585905075073, 0.3087710280428536, 1759349681100314961, 
-0.19036519527435303, 0.3670477271080017, 0.31741580488133586, 1759349681130244359, 
0.274516761302948, 0.10729551315307617, 0.29534719559642375, 1759349681160354340, 
-0.20958071947097778, -0.15713649988174438, 0.2905242760229558, 1759349681190370160, 
0.5687993764877319, 0.017424583435058594, 0.2902487640618847, 1759349681221585633, 
-0.2995983362197876, 0.14817017316818237, 0.30132220975480517, 1759349681252596837, 
-0.17928999662399292, -0.11567443609237671, 0.31910089584836937, 1759349681280940000, 
0.12943130731582642, -0.034596383571624756, 0.2947449847511039, 1759349681311113014, 
-0.09571528434753418, 0.26314669847488403, 0.28586408332861457, 1759349681341204188, 
-0.05671924352645874, -0.1381956934928894, 0.2971835001586232, 1759349681371381470, 
0.12086266279220581, -0.07585835456848145, 0.2834514191638165, 1759349681401327351, 
-0.08689367771148682, 0.3266795873641968, 0.30034084430867775, 1759349681431278736, 
0.26806920766830444, -0.21852844953536987, 0.299502426375552, 1759349681461340559, 
-0.10079532861709595, -0.2749375104904175, 0.2992185799249678, 1759349681492614639, 
-0.033284664154052734, 0.26814472675323486, 0.29857313002416425, 1759349681523699092, 
-0.037480175495147705, -0.1242450475692749, 0.31542898831021116, 1759349681551630261, 
0.033384084701538086, -0.18701380491256714, 0.28306528983127927, 1759349681581553791, 
0.02113652229309082, 0.15138012170791626, 0.2580383990932422, 1759349681603857212, 
-0.03035944700241089, -0.23980426788330078, 0.3296524320382885, 1759349681640671609, 
0.19192636013031006, -0.060181498527526855, 0.30235752923842935, 1759349681671461534, 
0.2649937868118286, 0.19264984130859375, 0.2929430166121999, 1759349681701507737, 
-0.03993958234786987, 0.2607883810997009, 0.2670793931615022, 1759349681733042587, 
0.41991084814071655, -0.34540867805480957, 0.2706927567199959, 1759349681763874648, 
-0.3561369776725769, 0.13453024625778198, 0.316009924916839, 1759349681791605899, 
0.06714320182800293, 0.19818753004074097, 0.2816720790540374, 1759349681821540671, 
-0.4993565082550049, -0.14780700206756592, 0.2795436984350589, 1759349681851734513, 
0.37385761737823486, -0.09684258699417114, 0.2962816661759431, 1759349681881723978, 
0.07005053758621216, 0.4499322175979614, 0.29554419327092435, 1759349681911606328, 
0.18991893529891968, -0.10397166013717651, 0.2799668613904799, 1759349681941592520, 
-0.18725794553756714, -0.15463727712631226, 0.300935094375079, 1759349681972699297, 
-0.3087116479873657, 0.2222018837928772, 0.27363996862781603, 1759349682004621066, 
-1.6830713748931885, -0.20175236463546753, 0.24150455516204952, 1759349682032250969, 
-1.176138997077942, -0.20957332849502563, 0.16958268585033043, 1759349682062031176, 
-0.676006019115448, -0.1587386131286621, 0.11396176424503252, 1759349682084918693, 
-0.5731018781661987, -0.027290642261505127, 0.10290987423552628, 1759349682121937435, 
-0.836207926273346, -0.10682761669158936, 0.02689553979397892, 1759349682152059190, 
-0.15186697244644165, 0.005634963512420654, -0.018457732093349055, 1759349682182075558, 
0.6135404706001282, 0.0881691575050354, 0.0028397382188200047, 1759349682211666928, 
1.69199538230896, 0.02866286039352417, 0.08958931707315093, 1759349682245580008, 
1.1997554302215576, 0.12285959720611572, 0.14553900071962103, 1759349682272222742, 
0.5349056124687195, 0.06707507371902466, 0.14254912669064884, 1759349682302236176, 
0.33070266246795654, 0.08102917671203613, 0.20497111429919135, 1759349682332333505, 
0.7899202108383179, 0.078144371509552, 0.29947657722508214, 1759349682362480181, 
0.7112326622009277, 0.2766427993774414, 0.30932217495033726, 1759349682392382796, 
-0.2812632918357849, 0.14236187934875488, 0.3110453352876183, 1759349682422628945, 
-0.6740148067474365, -0.31133729219436646, 0.31381133885509555, 1759349682452712177, 
-0.13803404569625854, 0.2311050295829773, 0.3248572789860569, 1759349682483664850, 
-0.5227213501930237, 0.19942182302474976, 0.3150706054471081, 1759349682512691515, 
-0.30326175689697266, -0.2700725197792053, 0.2994586090842541, 1759349682542693154, 
0.44580668210983276, -0.0047762393951416016, 0.31794387748400393, 1759349682572749652, 
-0.2007129192352295, 0.328328013420105, 0.2829850226796206, 1759349682594932608, 
0.038565993309020996, -0.045585572719573975, 0.29567823789927533, 1759349682632946746, 
-0.40698152780532837, -0.27754849195480347, 0.29369604853328396, 1759349682662894275, 
0.0592961311340332, 0.19802260398864746, 0.31012683021512827, 1759349682693392865, 
-0.00021713972091674805, 0.20977884531021118, 0.300387000192707, 1759349682723680513, 
0.13749563694000244, -0.21226942539215088, 0.2955515004291242, 1759349682755925242, 
0.14442968368530273, 0.2698507308959961, 0.3316827146861155, 1759349682793094129, 
0.2819790244102478, -0.09886091947555542, 0.281878480829058, 1759349682823133336, 
-0.251529335975647, -0.07531112432479858, 0.28088140151160124, 1759349682853226961, 
0.023512840270996094, 0.209136962890625, 0.2748270366882923, 1759349682885092671, 
-0.3409270644187927, 0.1262529492378235, 0.26431770673663907, 1759349682916598394, 
0.3809863328933716, -0.2683061957359314, 0.3358393156156092, 1759349682943506084, 
-0.33666592836380005, 0.3014008402824402, 0.3024983031129258, 1759349682973701637, 
0.5469815731048584, 0.2972537875175476, 0.2488049483075124, 1759349682996889474, 
-0.5121567249298096, -0.26658445596694946, 0.322828042761942, 1759349683023592278, 
0.12703901529312134, -0.12073761224746704, 0.3008730075760051, 1759349683053577154, 
-0.09884488582611084, 0.1254563331604004, 0.2513608169017787, 1759349683077150163, 
-0.07063519954681396, -0.04603511095046997, 0.31194419563329373, 1759349683113845618, 
-0.1660827398300171, -0.07452034950256348, 0.29774777686773213, 1759349683143754702, 
0.049630165100097656, 0.31925541162490845, 0.28949649211954087, 1759349683173726573, 
-0.3819093108177185, -0.18250048160552979, 0.2828984638619816, 1759349683205317068, 
0.2830973267555237, -0.11467552185058594, 0.29536786146123417, 1759349683236863431, 
-0.22129780054092407, 0.1451016664505005, 0.34105077471082895, 1759349683264111511, 
-0.7805880308151245, 0.033261775970458984, 0.2852749531258936, 1759349683293930155, 
-1.1243350505828857, -0.3196806311607361, 0.272213881109785, 1759349683323981769, 
-1.321413516998291, -0.18680304288864136, 0.22098048208185497, 1759349683354371039, 
-0.19058561325073242, 0.20435374975204468, 0.13855240099110644, 1759349683384139898, 
1.1998662948608398, 0.06532466411590576, 0.10357264687391067, 1759349683414145390, 
1.3356125354766846, 0.08130353689193726, 0.19761876020217553, 1759349683444825974, 
0.7351780533790588, 0.04673796892166138, 0.2551347479226722, 1759349683477050121, 
0.29257506132125854, 0.07736754417419434, 0.3220142605199022, 1759349683504371749, 
0.39223796129226685, 0.4009736180305481, 0.3034679299245595, 1759349683534474226, 
-1.6757192611694336, 0.03033614158630371, 0.30546674679416297, 1759349683564430973, 
0.5785501003265381, -0.17045462131500244, 0.34400909897575244, 1759349683594455710, 
-0.23658055067062378, 0.5447288751602173, 0.297621738580909, 1759349683624490722, 
-0.3264121413230896, -0.17068135738372803, 0.26882444596115473, 1759349683654609453, 
-0.00379025936126709, 0.05379551649093628, 0.2870760032964606, 1759349683685605129, 
0.1134558916091919, 0.3058319091796875, 0.29418031335247125, 1759349683717338701, 
0.17957770824432373, 0.16556316614151, 0.30533751480855903, 1759349683744757550, 
-0.16283494234085083, -0.15564900636672974, 0.298926260060904, 1759349683774884494, 
0.0755733847618103, 0.3378164768218994, 0.3126409012310739, 1759349683805061013, 
-0.4398524761199951, 0.25402355194091797, 0.2869185232529817, 1759349683834873324, 
0.2528039216995239, -0.17385685443878174, 0.2920829868885859, 1759349683864919282, 
0.06464904546737671, 0.15336477756500244, 0.29708472627151783, 1759349683895249375, 
0.13138002157211304, 0.39502233266830444, 0.2974703496362569, 1759349683925074176, 
0.044988930225372314, -0.10308718681335449, 0.2713441171086655, 1759349683956869384, 
-0.04085296392440796, -0.01928889751434326, 0.2870742751196815, 1759349683988265297, 
-0.20721685886383057, 0.35221946239471436, 0.3223858643350188, 1759349684025229753, 
-0.10147523880004883, -0.291912317276001, 0.3088687881375433, 1759349684055240858, 
0.06942605972290039, -0.07921332120895386, 0.3086136356695468, 1759349684085499124, 
0.4115944504737854, 0.2915413975715637, 0.2806666849980576, 1759349684117023629, 
-0.4187455177307129, -0.047476232051849365, 0.2757729420679983, 1759349684148140126, 
-0.14863616228103638, -0.09194719791412354, 0.3407171377640595, 1759349684175485667, 
-0.05413937568664551, 0.39060544967651367, 0.3005772473134652, 1759349684205713174, 
-0.059679269790649414, 0.24981361627578735, 0.23103866235600878, 1759349684229754748, 
0.13415706157684326, -0.22897952795028687, 0.31071357203661265, 1759349684265607881, 
-0.1617743968963623, 0.17173707485198975, 0.29288073104706863, 1759349684295814866, 
-0.07345366477966309, 0.23994404077529907, 0.2988694438196326, 1759349684325852800, 
-0.23774021863937378, -0.26124536991119385, 0.3035330979888367, 1759349684357481386, 
0.205640971660614, 0.3065814971923828, 0.29050194451599676, 1759349684389103067, 
-0.29923707246780396, 0.10089588165283203, 0.3222318306801221, 1759349684416013463, 
0.10908323526382446, -0.40042585134506226, 0.2992049094618217, 1759349684445659374, 
-0.04109686613082886, 0.2695080041885376, 0.2800837531634728, 1759349684476620141, 
0.007845520973205566, 0.17981183528900146, 0.29154988484389854, 1759349684506414601, 
-0.18365472555160522, -0.19160473346710205, 0.29914796084919365, 1759349684536422489, 
0.01494055986404419, 0.024363458156585693, 0.3146615563465586, 1759349684566474666, 
-0.5853192806243896, 0.373540461063385, 0.28440281113812793, 1759349684596980844, 
0.4824252128601074, -0.5024172067642212, 0.2817323524156337, 1759349684629340154, 
-0.5643051862716675, 0.019161462783813477, 0.3365191788431514, 1759349684656497943, 
-0.21165591478347778, 0.399236261844635, 0.3027056516610837, 1759349684686531080, 
0.008164584636688232, -0.0765795111656189, 0.29297547133459195, 1759349684716788946, 
0.04157167673110962, -0.322894811630249, 0.3072218940084727, 1759349684746730861, 
-0.08750510215759277, 0.2887900471687317, 0.30526005677175183, 1759349684775668042, 
-0.3378109931945801, 0.10249984264373779, 0.273541303815486, 1759349684806706277, 
0.03567075729370117, -0.08727431297302246, 0.3011089114613515, 1759349684836976130, 
0.018348097801208496, 0.15062332153320312, 0.2736604842386735, 1759349684869348452, 
-0.11608648300170898, 0.16844797134399414, 0.31646081034868206, 1759349684896746932, 
-0.14132916927337646, -0.07664871215820312, 0.2897614953884813, 1759349684926727856, 
0.09175437688827515, 0.0465620756149292, 0.3067653423877806, 1759349684956745090, 
-0.14414960145950317, 0.36335641145706177, 0.2865130140552942, 1759349684987032174, 
-0.1669791340827942, -0.22974467277526855, 0.2940472329428407, 1759349685017060865, 
0.0595550537109375, -0.005091547966003418, 0.30667881515093337, 1759349685046947346, 
0.22239094972610474, 0.38359153270721436, 0.2835581663195925, 1759349685078067808, 
0.080660879611969, 0.07568705081939697, 0.2694371740938384, 1759349685109111762, 
0.1785517930984497, -0.12377351522445679, 0.3214218352477477, 1759349685137721798, 
0.25195109844207764, 0.4624596834182739, 0.3269170471505878, 1759349685167198136, 
-0.38209444284439087, 0.06390494108200073, 0.29115063755643306, 1759349685197224054, 
-0.2493358850479126, -0.15863633155822754, 0.2599130862590949, 1759349685220082015, 
-0.09619694948196411, 0.2780616283416748, 0.32830481876615075, 1759349685257296699, 
0.08385097980499268, 0.2828829884529114, 0.29265465573553107, 1759349685287347978, 
0.09327954053878784, -0.22865408658981323, 0.2814173218996956, 1759349685317615750, 
-0.06679171323776245, 0.20318377017974854, 0.29571554387435506, 1759349685348987738, 
0.39337873458862305, 0.18976783752441406, 0.29398307099749654, 1759349685380973576, 
-0.033955276012420654, -0.1556771993637085, 0.3197929873818765, 1759349685417770102, 
-0.13373661041259766, 0.06370526552200317, 0.29851411398903804, 1759349685447618406, 
-0.3320102095603943, 0.46386927366256714, 0.2898964508097273, 1759349685477678561, 
0.16573280096054077, -0.3418697118759155, 0.28030048227427334, 1759349685509441600, 
-0.06241112947463989, 0.06659895181655884, 0.2854495177120384, 1759349685541029058, 
-0.3041660785675049, 0.3211466670036316, 0.3120386914229319, 1759349685577858803, 
0.23245441913604736, -0.18417614698410034, 0.28409848138545163, 1759349685608191135, 
-0.15535825490951538, 0.055305421352386475, 0.29690715682141555, 1759349685637956519, 
0.582211434841156, 0.38319456577301025, 0.28193082330599667, 1759349685668968423, 
-0.464297890663147, -0.2277119755744934, 0.26504344296845894, 1759349685701288059, 
0.014878630638122559, -0.02047044038772583, 0.3336739210161629, 1759349685728414314, 
-0.08462899923324585, 0.282687246799469, 0.3098177083616745, 1759349685757224568, 
-0.1260640025138855, 0.03370016813278198, 0.2597484030681629, 1759349685788279729, 
-0.1296299695968628, -0.04486286640167236, 0.2994304106137969, 1759349685818499340, 
-0.052968740463256836, 0.4045875668525696, 0.30634259017010196, 1759349685848352965, 
-0.3441978096961975, -0.06125682592391968, 0.2959546805847061, 1759349685878367659, 
0.2331712245941162, -0.15417617559432983, 0.28599710669007306, 1759349685909036858, 
-0.059166133403778076, 0.32159310579299927, 0.273726076522936, 1759349685941549396, 
-0.24327713251113892, -0.011129915714263916, 0.3081062917374394, 1759349685968624068, 
-0.07991421222686768, -0.13917464017868042, 0.28410719686206565, 1759349685989070411, 
-0.018959999084472656, -0.034879088401794434, 0.2856591032135534, 1759349686021559642, 
0.07825708389282227, 0.5127150416374207, 0.3280252695579705, 1759349686048721134, 
-0.1378847360610962, -0.10506129264831543, 0.29172306816731236, 1759349686078681567, 
0.05561429262161255, -0.07587563991546631, 0.307850069144723, 1759349686108742741, 
-0.0010489821434020996, 0.38688093423843384, 0.2997104373063095, 1759349686138791543, 
-0.46795016527175903, -0.11429107189178467, 0.2621064219870519, 1759349686168862036, 
0.4633660912513733, -0.22670871019363403, 0.30171456376558914, 1759349686198895304, 
-0.35722362995147705, 0.2719383239746094, 0.32211253626910147, 1759349686229033421, 
-0.3727516531944275, 0.13435161113739014, 0.2906558091974615, 1759349686261148460, 
0.12002086639404297, -0.0746985673904419, 0.28682686743006397, 1759349686291727751, 
0.19058197736740112, 0.14641714096069336, 0.31077972075215343, 1759349686319545007, 
0.034692347049713135, 0.07435137033462524, 0.28608704962121523, 1759349686349162399, 
-0.4575306177139282, 0.03161042928695679, 0.3005251096905746, 1759349686379237793, 
-0.5081400871276855, -0.01715695858001709, 0.2972970873760745, 1759349686409469459, 
-1.3310024738311768, 0.2591526508331299, 0.2119232802526702, 1759349686439328426, 
-0.9256247282028198, -0.3252408504486084, 0.13111326312828803, 1759349686469855484, 
-0.8123070001602173, -0.20825421810150146, 0.1241722357025289, 1759349686501231510, 
-0.7361721992492676, 0.33010244369506836, 0.09149864908618525, 1759349686532858717, 
0.01838284730911255, -0.0794379711151123, -0.009675098599773606, 1759349686569835029, 
0.3236162066459656, -0.07061660289764404, -0.03309661795648024, 1759349686599886315, 
1.8637981414794922, 0.38775742053985596, 0.09411433815773548, 1759349686628711320, 
0.5885747075080872, 0.17144721746444702, 0.15030505691752746, 1759349686661434772, 
0.9412822723388672, 0.030580520629882812, 0.14117319222319852, 1759349686692853898, 
0.8716981410980225, 0.0170515775680542, 0.1957019475555451, 1759349686720150484, 
-0.07950806617736816, 0.2126520872116089, 0.24807064705041096, 1759349686749987816, 
0.549838125705719, 0.33464598655700684, 0.2575534752231833, 1759349686773137657, 
0.4380234479904175, -0.025022149085998535, 0.3629393011635216, 1759349686800274795, 
-0.3358018398284912, 0.08677756786346436, 0.33598204993102093, 1759349686830003371, 
-0.12087845802307129, 0.0424274206161499, 0.3219961659412151, 1759349686860073798, 
-0.4615705609321594, -0.01920837163925171, 0.3043167940596958, 1759349686890104429, 
0.4899402856826782, 0.20895200967788696, 0.3086083092517177, 1759349686920254419, 
-0.27063143253326416, 0.13261562585830688, 0.2886877614096195, 1759349686950241648, 
0.015142321586608887, -0.4038814306259155, 0.3015110909477272, 1759349686980410472, 
0.45147764682769775, 0.29963380098342896, 0.2809232947216234, 1759349687013173573, 
-0.34380435943603516, 0.10619348287582397, 0.31379455422777874, 1759349687040741998, 
-0.04984176158905029, 0.05229389667510986, 0.2859687383567142, 1759349687070430893, 
-0.0789710283279419, -0.10506993532180786, 0.29335081537410335, 1759349687100553953, 
0.1832597851753235, 0.36982154846191406, 0.29201786665891444, 1759349687130608713, 
0.23376047611236572, -0.11958158016204834, 0.2793407085800944, 1759349687160601378, 
0.1291489601135254, -0.01710301637649536, 0.31452383654315536, 1759349687189671053, 
-0.20423871278762817, 0.31970125436782837, 0.2834747534790508, 1759349687221045259, 
0.07517695426940918, -0.1665230393409729, 0.2871445714829691, 1759349687252924928, 
-0.022605478763580322, 0.08797508478164673, 0.2876503471337347, 1759349687283547645, 
-0.06065809726715088, 0.26110488176345825, 0.3201465738224821, 1759349687321596124, 
-0.08867782354354858, -0.03287845849990845, 0.2881006966560836, 1759349687351474173, 
-0.09951728582382202, -0.1183692216873169, 0.2998867217376428, 1759349687381719087, 
-0.3423271179199219, 0.372832715511322, 0.28261474722927765, 1759349687413362162, 
0.42992109060287476, -0.16948169469833374, 0.2983327645525462, 1759349687443820923, 
-0.5705497860908508, 0.002318441867828369, 0.3205048364102661, 1759349687470743428, 
-0.17314761877059937, 0.11930763721466064, 0.28429636240328554, 1759349687501543246, 
0.3507353663444519, 0.1869717836380005, 0.277160156551058, 1759349687523780445, 
-0.15619498491287231, -0.015367686748504639, 0.3311962075955131, 1759349687551631659, 
0.28052985668182373, 0.17167550325393677, 0.29351148879524563, 1759349687581584248, 
0.013307273387908936, 0.27480024099349976, 0.25359175550802626, 1759349687603764194, 
0.022456705570220947, -0.16541969776153564, 0.3362242301475872, 1759349687641580337, 
0.4035530090332031, 0.03419005870819092, 0.3144398682928424, 1759349687671773526, 
-0.04918307065963745, 0.3681056499481201, 0.2855867567064519, 1759349687701751356, 
-0.26247698068618774, -0.10722929239273071, 0.2784575343189035, 1759349687732757826, 
0.07648926973342896, -0.16957873106002808, 0.30229758562204534, 1759349687764127772, 
0.005685210227966309, 0.3373492360115051, 0.327874620694984, 1759349687792136511, 
-0.05953669548034668, -0.02911972999572754, 0.2843916148402863, 1759349687821842965, 
0.05257821083068848, -0.016801893711090088, 0.3049908877820096, 1759349687851882069, 
0.06116437911987305, 0.2537044882774353, 0.29529503283503145, 1759349687881895729, 
-0.2709828019142151, 0.07828259468078613, 0.2779901952640846, 1759349687911842481, 
-0.2182963490486145, -0.2706701159477234, 0.2914863249006117, 1759349687941864448, 
0.281069815158844, 0.05771529674530029, 0.30956342595555447, 1759349687973151519, 
-1.1616395711898804, 0.3613278865814209, 0.2642307119794499, 1759349688005408607, 
-1.2162522077560425, -0.3768150210380554, 0.2686617562562885, 1759349688032121848, 
-0.9549612402915955, -0.1331040859222412, 0.18931872115614745, 1759349688062097097, 
-0.5245183110237122, 0.18188869953155518, 0.14511728483039074, 1759349688092130569, 
-0.5732287168502808, -0.13401544094085693, 0.07412113625749209, 1759349688122474392, 
-0.9108084440231323, -0.1642223596572876, 0.01743165860704886, 1759349688152233952, 
-0.028328418731689453, -0.04424309730529785, 0.017768954362154876, 1759349688182324409, 
0.3511085510253906, 0.3006778955459595, 0.013750855133875821, 1759349688213493799, 
2.101824998855591, 0.15314191579818726, 0.08720697224278545, 1759349688245188057, 
0.6774952411651611, 0.17093229293823242, 0.14682869449319924, 1759349688271763876, 
1.0684401988983154, -0.20923644304275513, 0.1634608248377866, 1759349688302753578, 
0.3978349566459656, 0.155819833278656, 0.2164545052950044, 1759349688332738232, 
0.0056269168853759766, 0.15765154361724854, 0.3016655799396821, 1759349688362754417, 
0.8157619833946228, 0.19139975309371948, 0.30284497088295687, 1759349688392613745, 
-0.45995020866394043, 0.05558139085769653, 0.2961734640920888, 1759349688422728331, 
-0.15183097124099731, -0.3242188096046448, 0.3288037322221557, 1759349688453441494, 
-0.4481339454650879, 0.37453728914260864, 0.3220465603300548, 1759349688484954591, 
0.0921596884727478, -0.039099812507629395, 0.2973223364679888, 1759349688512937291, 
-0.2468300461769104, -0.14810824394226074, 0.2575219087399156, 1759349688543230523, 
0.0382271409034729, -0.07501488924026489, 0.29705520676959096, 1759349688573013885, 
-0.03066539764404297, 0.38999396562576294, 0.26397119278438913, 1759349688595525385, 
0.2785332202911377, -0.4468163847923279, 0.31475607817608686, 1759349688633174510, 
-0.22290563583374023, 0.18878120183944702, 0.29015358506985606, 1759349688663609531, 
0.3603733777999878, 0.19644850492477417, 0.2919465285636195, 1759349688693294846, 
-0.5763764977455139, -0.13715767860412598, 0.2540366260835814, 1759349688725170525, 
-0.03327453136444092, -0.035941123962402344, 0.27887495915851135, 1759349688756131843, 
-0.11037617921829224, 0.361610472202301, 0.3288545661243171, 1759349688792491191, 
0.2946891784667969, -0.4126230478286743, 0.2903314088737589, 1759349688823383681, 
0.31219029426574707, 0.10136878490447998, 0.3013891206454693, 1759349688853525989, 
-0.11188346147537231, 0.43676650524139404, 0.2847105391149938, 1759349688885008440, 
0.045384883880615234, -0.045409440994262695, 0.2819806317649839, 1759349688916265997, 
-0.1928004026412964, -0.11931920051574707, 0.33270887061458904, 1759349688943687593, 
0.3680769205093384, 0.401003360748291, 0.32252624385332357, 1759349688972639614, 
-0.03768265247344971, 0.06811964511871338, 0.2986282835136155, 1759349689002671545, 
0.2630726099014282, -0.08094960451126099, 0.3036324230287769, 1759349689033903784, 
-0.13426423072814941, 0.33504432439804077, 0.3114293587515453, 1759349689064012919, 
-0.08584731817245483, 0.08417028188705444, 0.2987755576776267, 1759349689093884810, 
0.002760469913482666, -0.05839031934738159, 0.27168556694139434, 1759349689125553777, 
0.1013040542602539, 0.1714186668395996, 0.2749119074000872, 1759349689157762290, 
-0.011565089225769043, 0.25379478931427, 0.3211446393339909, 1759349689184204828, 
0.08708387613296509, -0.05208134651184082, 0.299580652328488, 1759349689214047891, 
0.6174187660217285, 0.02299576997756958, 0.26306652503356787, 1759349689237131435, 
-0.44521504640579224, 0.3611045479774475, 0.3260066346187308, 1759349689274338763, 
0.6488136053085327, -0.3227303624153137, 0.3064634856618977, 1759349689304201750, 
-0.28973686695098877, 0.06894272565841675, 0.2842881699453775, 1759349689334218592, 
0.20116734504699707, 0.35597455501556396, 0.2752574761966223, 1759349689365038506, 
-0.3463471531867981, -0.07029831409454346, 0.28637126992421047, 1759349689396285461, 
0.30491161346435547, -0.23283302783966064, 0.33525683666023864, 1759349689424540595, 
-0.07735550403594971, 0.48850303888320923, 0.29977671810461737, 1759349689454474543, 
-0.1350564956665039, 0.11368000507354736, 0.25363647960509234, 1759349689477606348, 
-0.30579012632369995, -0.029262125492095947, 0.3155476168639768, 1759349689514626179, 
-0.027505576610565186, 0.17280548810958862, 0.3043229991584913, 1759349689544603796, 
-0.15100735425949097, 0.17991626262664795, 0.3016617906947593, 1759349689573638545, 
0.09145796298980713, -0.4518187642097473, 0.2802508546891246, 1759349689605524982, 
-0.24443942308425903, 0.2412952184677124, 0.28274141675523795, 1759349689637340701, 
0.05297577381134033, 0.3425116539001465, 0.3346909058640162, 1759349689664881334, 
