x, y, theta, stamp, 
-3.7631994928233325e-05, 4.277431435184553e-05, -0.00042685390415171974, 1761316372443235933, 
-3.7631994928233325e-05, 4.277431435184553e-05, -0.00042685386977801533, 1761316372492259701, 
-3.756890509976074e-05, 4.270260615157895e-05, -0.00042613846675775154, 1761316372534323607, 
0.0010065301321446896, 9.956553185475059e-06, 0.0042409838846647315, 1761316372584705131, 
0.0071740299463272095, -7.91146230767481e-05, 0.019900904573285878, 1761316372652254330, 
0.012471643276512623, 0.00020701962057501078, 0.033607886988132184, 1761316372695208880, 
0.019878985360264778, 0.000858581333886832, 0.05452360485429599, 1761316372744368247, 
0.02892562933266163, 0.0017245605122298002, 0.08105173811206688, 1761316372795190712, 
0.03928399085998535, 0.0026699441950768232, 0.10947434567944155, 1761316372843229388, 
0.050985656678676605, 0.004118105862289667, 0.14019614832894875, 1761316372893224283, 
0.06050187721848488, 0.005461486056447029, 0.16527677044923214, 1761316372934477082, 
0.07179758697748184, 0.007606401573866606, 0.19144346562988268, 1761316372984818720, 
0.08632823824882507, 0.010664377361536026, 0.22357700448298545, 1761316373052386834, 
0.10526519268751144, 0.015570312738418579, 0.2565915708733877, 1761316373145143859, 
0.12546266615390778, 0.0215934868901968, 0.29025945864200176, 1761316373241252056, 
0.14890547096729279, 0.029346108436584473, 0.32262493497850125, 1761316373354940375, 
0.16886749863624573, 0.03667471185326576, 0.3452435069397593, 1761316373451262571, 
0.18757161498069763, 0.04400399327278137, 0.3671637638942314, 1761316373545175024, 
0.2067851573228836, 0.052035920321941376, 0.3912930753338085, 1761316373641428541, 
0.22962521016597748, 0.06232783943414688, 0.4211447764577638, 1761316373755194134, 
0.24887220561504364, 0.07171200960874557, 0.44933748484618213, 1761316373851252601, 
0.26678237318992615, 0.08086103945970535, 0.4792138398252082, 1761316373945180431, 
0.28537845611572266, 0.09119758754968643, 0.5088741937471292, 1761316374041335433, 
0.3028140962123871, 0.10158641636371613, 0.5406050467808254, 1761316374134512470, 
0.32447925209999084, 0.11573122441768646, 0.5811509842214775, 1761316374251937146, 
0.3408797085285187, 0.12731802463531494, 0.6111480809614876, 1761316374344244018, 
0.3584299683570862, 0.14049573242664337, 0.6408604357794329, 1761316374445302528, 
0.37705639004707336, 0.15555955469608307, 0.6726751136065342, 1761316374554902761, 
0.3917371332645416, 0.16817788779735565, 0.6929191361613886, 1761316374651258178, 
0.4049144387245178, 0.1799645870923996, 0.711274850485588, 1761316374745185058, 
0.41887369751930237, 0.19253869354724884, 0.7272961709334637, 1761316374845267052, 
0.43130236864089966, 0.203890860080719, 0.7384937079411714, 1761316374935038214, 
0.4470604658126831, 0.21832506358623505, 0.7489311065734964, 1761316375051296884, 
0.45810431241989136, 0.2290382832288742, 0.7561700446307099, 1761316375144356620, 
0.47025999426841736, 0.24077299237251282, 0.7628061272934406, 1761316375245278779, 
0.48096558451652527, 0.2512994706630707, 0.7697958213316667, 1761316375334288793, 
0.49471646547317505, 0.2647424638271332, 0.781820179718952, 1761316375451359549, 
0.5057112574577332, 0.27557089924812317, 0.7903812748048755, 1761316375545170152, 
0.5168890953063965, 0.28710344433784485, 0.8021649851268694, 1761316375645282091, 
0.5287309288978577, 0.30000239610671997, 0.8192008786804688, 1761316375755212969, 
0.5390883684158325, 0.31180766224861145, 0.83391014544308, 1761316375850736581, 
0.5486193895339966, 0.32262203097343445, 0.8484864244476755, 1761316375945205075, 
0.5584269762039185, 0.3340737819671631, 0.8618492101503658, 1761316376045358002, 
0.5671196579933167, 0.3447372019290924, 0.8729874125329083, 1761316376135211679, 
0.5777664184570312, 0.35813117027282715, 0.8877271962721426, 1761316376250633733, 
0.5861261487007141, 0.36875542998313904, 0.8996056445990053, 1761316376345212399, 
0.5945812463760376, 0.3799164891242981, 0.9079646481694406, 1761316376445344616, 
0.6020166277885437, 0.38961562514305115, 0.9110042271945448, 1761316376535149278, 
0.6113037467002869, 0.4016436040401459, 0.9146587797845269, 1761316376650900593, 
0.618527352809906, 0.41106921434402466, 0.9145295361637699, 1761316376744258825, 
0.6264445185661316, 0.42143741250038147, 0.917563206053859, 1761316376844299535, 
0.6332794427871704, 0.43045225739479065, 0.9182038313528195, 1761316376935173082, 
0.6419463753700256, 0.4417407810688019, 0.9206388581261598, 1761316377050612087, 
0.6487794518470764, 0.45095294713974, 0.9222270900025155, 1761316377145172616, 
0.655988872051239, 0.46034881472587585, 0.9263988683420804, 1761316377244273172, 
0.6622864603996277, 0.4690282940864563, 0.9317839855755079, 1761316377334656367, 
0.670508086681366, 0.48024144768714905, 0.940202895464033, 1761316377450416793, 
0.6767955422401428, 0.48898154497146606, 0.9443379909560269, 1761316377544265350, 
0.6831210255622864, 0.49788281321525574, 0.9509703871641985, 1761316377644297064, 
0.6901754140853882, 0.5080358386039734, 0.9591485020246553, 1761316377754263007, 
0.6963412165641785, 0.5169272422790527, 0.9645952912703719, 1761316377849746677, 
0.7020602226257324, 0.5250343084335327, 0.9675974666453356, 1761316377944305335, 
0.7075015902519226, 0.533437192440033, 0.9723345261450526, 1761316378044280443, 
0.7122908234596252, 0.5407811403274536, 0.9771934597507324, 1761316378134274741, 
0.7189451456069946, 0.5507276654243469, 0.9805771414844304, 1761316378250298930, 
0.7241533398628235, 0.5585106015205383, 0.9835337608786747, 1761316378345236301, 
0.7296173572540283, 0.566445529460907, 0.984857251294348, 1761316378444313016, 
0.734128475189209, 0.5732945203781128, 0.9848572512947993, 1761316378534292038, 
0.7400604486465454, 0.5819922685623169, 0.984607360641776, 1761316378655588282, 
0.7446125149726868, 0.589034378528595, 0.984607360641776, 1761316378745231243, 
0.7494724988937378, 0.5965194702148438, 0.984607360641776, 1761316378844263944, 
0.7539653778076172, 0.6028416156768799, 0.9856701567077225, 1761316378934732444, 
0.7597194910049438, 0.6117002367973328, 0.9855864940467626, 1761316379056339329, 
0.7637987732887268, 0.6180492043495178, 0.9858646162787696, 1761316379144246654, 
0.7683088183403015, 0.6249873638153076, 0.9874455111273287, 1761316379244320228, 
0.7738252878189087, 0.6330466866493225, 0.9920462554328816, 1761316379354414717, 
0.7782549262046814, 0.6399061679840088, 0.9932468168450664, 1761316379455451268, 
0.7816734313964844, 0.6456292867660522, 0.9956354020602263, 1761316379545215555, 
0.7862367630004883, 0.6521700620651245, 0.9998399061783012, 1761316379644255720, 
0.7900255918502808, 0.6582528948783875, 1.0014069257228861, 1761316379735463776, 
0.7936513423919678, 0.6644458174705505, 1.0072719918425548, 1761316379834624602, 
0.7976809144020081, 0.6707829833030701, 1.008344498484045, 1761316379944388625, 
0.8014163970947266, 0.676607072353363, 1.009024113892647, 1761316380044258572, 
0.8052120208740234, 0.6833947896957397, 1.0136338736579977, 1761316380154334967, 
0.8089228272438049, 0.6891899108886719, 1.0152327580829636, 1761316380254525188, 
0.8116760849952698, 0.6940212845802307, 1.0163613310826454, 1761316380345235532, 
0.8149942755699158, 0.6994679570198059, 1.0163613310826454, 1761316380444328448, 
0.818193793296814, 0.7044519782066345, 1.0163613310826454, 1761316380534363894, 
0.8224140405654907, 0.7112841606140137, 1.0141174875853134, 1761316380654341392, 
0.8257200717926025, 0.7163869738578796, 1.0141174875853134, 1761316380744263276, 
0.8291015625, 0.721728503704071, 1.0107762608675666, 1761316380844267444, 
0.8322664499282837, 0.7267962694168091, 1.010403865744542, 1761316380950464751, 
0.8352335095405579, 0.7316637635231018, 1.0091298162564204, 1761316381050343970, 
0.8385365009307861, 0.7366081476211548, 1.0080994624184445, 1761316381148255986, 
0.8411670327186584, 0.7411080002784729, 1.0078934069674887, 1761316381240283353, 
0.8439841866493225, 0.7452151775360107, 1.0073443189279, 1761316381338875423, 
0.8471184372901917, 0.7505213022232056, 1.0079488077992387, 1761316381451397611, 
0.8503178954124451, 0.7552773356437683, 1.0106147181377445, 1761316381548265122, 
0.8528409004211426, 0.7594085931777954, 1.0109770622543737, 1761316381640344496, 
0.8557316064834595, 0.7638011574745178, 1.0117933068112213, 1761316381751035623, 
0.8579721450805664, 0.7675923109054565, 1.0118647342837817, 1761316381830514884, 
0.8612085580825806, 0.7724871039390564, 1.012224574674907, 1761316381948442093, 
0.8635657429695129, 0.7763750553131104, 1.0140875145705581, 1761316382040282501, 
0.8662950396537781, 0.781006395816803, 1.0144146186572478, 1761316382138618686, 
0.8695090413093567, 0.7860674858093262, 1.0174798044695854, 1761316382255420271, 
0.8712800145149231, 0.7888454794883728, 1.0174798044695854, 1761316382344261882, 
0.8734561800956726, 0.7924672365188599, 1.0185551033376181, 1761316382444284869, 
0.8756308555603027, 0.7960672974586487, 1.0193978316230863, 1761316382535490924, 
0.878046989440918, 0.8000113368034363, 1.0199770924230818, 1761316382649575465, 
0.8805740475654602, 0.804053008556366, 1.021045936920561, 1761316382748267884, 
0.8827426433563232, 0.8075764179229736, 1.0215257536533158, 1761316382844361203, 
0.8842198848724365, 0.8100752234458923, 1.0209866965639525, 1761316382936536649, 
0.8871875405311584, 0.814836323261261, 1.0214885680858452, 1761316383055260644, 
0.8889315724372864, 0.817990779876709, 1.0214885680858452, 1761316383144290471, 
0.8907475471496582, 0.8210931420326233, 1.0214885680858452, 1761316383244354425, 
0.892932116985321, 0.8245749473571777, 1.0234782505463191, 1761316383336372128, 
0.8950198292732239, 0.8279942870140076, 1.0242641313035674, 1761316383455374404, 
0.8965696692466736, 0.8304157257080078, 1.0226594465140624, 1761316383544267615, 
0.8987225294113159, 0.8340027928352356, 1.0226594465140624, 1761316383644303760, 
0.9004940390586853, 0.8369953632354736, 1.0226594465140624, 1761316383736993247, 
0.9025196433067322, 0.8404000401496887, 1.022934816218366, 1761316383855469459, 
0.9044535160064697, 0.8433923721313477, 1.0243343523024326, 1761316383944297528, 
0.9060804843902588, 0.8459606766700745, 1.0243343523024326, 1761316384044505470, 
0.9075095653533936, 0.8483351469039917, 1.0228157954784367, 1761316384135601136, 
0.9098204970359802, 0.8520241975784302, 1.0228157954784367, 1761316384255365470, 
0.9113601446151733, 0.8546078205108643, 1.0228157954784367, 1761316384345302264, 
0.9123976826667786, 0.8564627170562744, 1.0228157954784367, 1761316384444319514, 
0.9139536023139954, 0.8586772084236145, 1.0228157954784367, 1761316384535640087, 
0.9159058928489685, 0.8616883754730225, 1.0218637597994547, 1761316384655818019, 
0.9171630144119263, 0.8639910817146301, 1.0205741370869659, 1761316384744305527, 
0.9187559485435486, 0.8665300011634827, 1.0203123046243798, 1761316384844321441, 
0.9203107357025146, 0.8690260052680969, 1.0203123046243798, 1761316384935738704, 
0.922236442565918, 0.871928870677948, 1.0187945155291214, 1761316385055589078, 
0.923565149307251, 0.8742501139640808, 1.0183424256603293, 1761316385144272695, 
0.9249037504196167, 0.8767114281654358, 1.0183424256603293, 1761316385244326425, 
0.9264838695526123, 0.8791663646697998, 1.0195710348569964, 1761316385335937039, 
0.928506076335907, 0.8823202252388, 1.0195710348569964, 1761316385455550230, 
0.9298673272132874, 0.8846896290779114, 1.0195710348569964, 1761316385544322499, 
0.9313914775848389, 0.8873971700668335, 1.0202900297102333, 1761316385644388365, 
0.9326274394989014, 0.8895899653434753, 1.0202900297102333, 1761316385735418912, 
0.9347659349441528, 0.8927802443504333, 1.0213369855328673, 1761316385855384905, 
0.9360818862915039, 0.8948720097541809, 1.0221499025910552, 1761316385945299492, 
0.9376327991485596, 0.8974716663360596, 1.0221499025910552, 1761316386044333009, 
0.939167320728302, 0.8999230861663818, 1.0221499025910552, 1761316386135764591, 
0.9409812092781067, 0.9029042720794678, 1.0215879022859382, 1761316386255450505, 
0.9422626495361328, 0.9051837921142578, 1.0215879022859382, 1761316386344332069, 
0.9440162777900696, 0.9079387784004211, 1.0215879022859382, 1761316386444353175, 
0.9454562067985535, 0.9102920293807983, 1.0202649157277075, 1761316386535841498, 
0.947597086429596, 0.9139357805252075, 1.0193932929041845, 1761316386655399283, 
0.9488280415534973, 0.9160993695259094, 1.0191799439665425, 1761316386744279466, 
